film_key,title,release_year,rental_duration,rental_rate,length,replacement_cost,rating,special_features
1,"ACADEMY DINOSAUR",2006,6,0.99,86,20.99,PG,"Deleted Scenes,Behind the Scenes"
2,"ACE GOLDFINGER",2006,3,4.99,48,12.99,G,"Trailers,Deleted Scenes"
3,"ADAPTATION HOLES",2006,7,2.99,50,18.99,NC-17,"Trailers,Deleted Scenes"
4,"AFFAIR PREJUDICE",2006,5,2.99,117,26.99,G,"Commentaries,Behind the Scenes"
5,"AFRICAN EGG",2006,6,2.99,130,22.99,G,"Deleted Scenes"
6,"AGENT TRUMAN",2006,3,2.99,169,17.99,PG,"Deleted Scenes"
7,"AIRPLANE SIERRA",2006,6,4.99,62,28.99,PG-13,"Trailers,Deleted Scenes"
8,"AIRPORT POLLOCK",2006,6,4.99,54,15.99,R,Trailers
9,"ALABAMA DEVIL",2006,3,2.99,114,21.99,PG-13,"Trailers,Deleted Scenes"
10,"ALADDIN CALENDAR",2006,6,4.99,63,24.99,NC-17,"Trailers,Deleted Scenes"
11,"ALAMO VIDEOTAPE",2006,6,0.99,126,16.99,G,"Commentaries,Behind the Scenes"
12,"ALASKA PHANTOM",2006,6,0.99,136,22.99,PG,"Commentaries,Deleted Scenes"
13,"ALI FOREVER",2006,4,4.99,150,21.99,PG,"Deleted Scenes,Behind the Scenes"
14,"ALICE FANTASIA",2006,6,0.99,94,23.99,NC-17,"Trailers,Deleted Scenes,Behind the Scenes"
15,"ALIEN CENTER",2006,5,2.99,46,10.99,NC-17,"Trailers,Commentaries,Behind the Scenes"
16,"ALLEY EVOLUTION",2006,6,2.99,180,23.99,NC-17,"Trailers,Commentaries"
17,"ALONE TRIP",2006,3,0.99,82,14.99,R,"Trailers,Behind the Scenes"
18,"ALTER VICTORY",2006,6,0.99,57,27.99,PG-13,"Trailers,Behind the Scenes"
19,"AMADEUS HOLY",2006,6,0.99,113,20.99,PG,"Commentaries,Deleted Scenes,Behind the Scenes"
20,"AMELIE HELLFIGHTERS",2006,4,4.99,79,23.99,R,"Commentaries,Deleted Scenes,Behind the Scenes"
21,"AMERICAN CIRCUS",2006,3,4.99,129,17.99,R,"Commentaries,Behind the Scenes"
22,"AMISTAD MIDSUMMER",2006,6,2.99,85,10.99,G,"Commentaries,Behind the Scenes"
23,"ANACONDA CONFESSIONS",2006,3,0.99,92,9.99,R,"Trailers,Deleted Scenes"
24,"ANALYZE HOOSIERS",2006,6,2.99,181,19.99,R,"Trailers,Behind the Scenes"
25,"ANGELS LIFE",2006,3,2.99,74,15.99,G,Trailers
26,"ANNIE IDENTITY",2006,3,0.99,86,15.99,G,"Commentaries,Deleted Scenes"
27,"ANONYMOUS HUMAN",2006,7,0.99,179,12.99,NC-17,"Deleted Scenes,Behind the Scenes"
28,"ANTHEM LUKE",2006,5,4.99,91,16.99,PG-13,"Deleted Scenes,Behind the Scenes"
29,"ANTITRUST TOMATOES",2006,5,2.99,168,11.99,NC-17,"Trailers,Commentaries,Deleted Scenes"
30,"ANYTHING SAVANNAH",2006,4,2.99,82,27.99,R,"Trailers,Deleted Scenes,Behind the Scenes"
31,"APACHE DIVINE",2006,5,4.99,92,16.99,NC-17,"Commentaries,Deleted Scenes,Behind the Scenes"
32,"APOCALYPSE FLAMINGOS",2006,6,4.99,119,11.99,R,"Trailers,Commentaries"
33,"APOLLO TEEN",2006,5,2.99,153,15.99,PG-13,"Trailers,Commentaries,Deleted Scenes,Behind the Scenes"
34,"ARABIA DOGMA",2006,6,0.99,62,29.99,NC-17,"Commentaries,Deleted Scenes"
35,"ARACHNOPHOBIA ROLLERCOASTER",2006,4,2.99,147,24.99,PG-13,"Trailers,Deleted Scenes,Behind the Scenes"
36,"ARGONAUTS TOWN",2006,7,0.99,127,12.99,PG-13,"Trailers,Commentaries"
37,"ARIZONA BANG",2006,3,2.99,121,28.99,PG,"Trailers,Deleted Scenes"
38,"ARK RIDGEMONT",2006,6,0.99,68,25.99,NC-17,"Trailers,Commentaries,Deleted Scenes,Behind the Scenes"
39,"ARMAGEDDON LOST",2006,5,0.99,99,10.99,G,Trailers
40,"ARMY FLINTSTONES",2006,4,0.99,148,22.99,R,"Trailers,Commentaries"
41,"ARSENIC INDEPENDENCE",2006,4,0.99,137,17.99,PG,"Trailers,Deleted Scenes,Behind the Scenes"
42,"ARTIST COLDBLOODED",2006,5,2.99,170,10.99,NC-17,"Trailers,Behind the Scenes"
43,"ATLANTIS CAUSE",2006,6,2.99,170,15.99,G,"Behind the Scenes"
44,"ATTACKS HATE",2006,5,4.99,113,21.99,PG-13,"Trailers,Behind the Scenes"
45,"ATTRACTION NEWTON",2006,5,4.99,83,14.99,PG-13,"Trailers,Behind the Scenes"
46,"AUTUMN CROW",2006,3,4.99,108,13.99,G,"Trailers,Commentaries,Deleted Scenes,Behind the Scenes"
47,"BABY HALL",2006,5,4.99,153,23.99,NC-17,Commentaries
48,"BACKLASH UNDEFEATED",2006,3,4.99,118,24.99,PG-13,"Trailers,Behind the Scenes"
49,"BADMAN DAWN",2006,6,2.99,162,22.99,R,"Trailers,Commentaries,Behind the Scenes"
50,"BAKED CLEOPATRA",2006,3,2.99,182,20.99,G,"Commentaries,Behind the Scenes"
51,"BALLOON HOMEWARD",2006,5,2.99,75,10.99,NC-17,"Deleted Scenes"
52,"BALLROOM MOCKINGBIRD",2006,6,0.99,173,29.99,G,"Commentaries,Deleted Scenes"
53,"BANG KWAI",2006,5,2.99,87,25.99,NC-17,"Commentaries,Deleted Scenes,Behind the Scenes"
54,"BANGER PINOCCHIO",2006,5,0.99,113,15.99,R,"Trailers,Commentaries,Deleted Scenes"
55,"BARBARELLA STREETCAR",2006,6,2.99,65,27.99,G,"Behind the Scenes"
56,"BAREFOOT MANCHURIAN",2006,6,2.99,129,15.99,G,"Trailers,Commentaries"
57,"BASIC EASY",2006,4,2.99,90,18.99,PG-13,"Deleted Scenes"
58,"BEACH HEARTBREAKERS",2006,6,2.99,122,16.99,G,"Deleted Scenes,Behind the Scenes"
59,"BEAR GRACELAND",2006,4,2.99,160,20.99,R,"Deleted Scenes"
60,"BEAST HUNCHBACK",2006,3,4.99,89,22.99,R,"Deleted Scenes,Behind the Scenes"
61,"BEAUTY GREASE",2006,5,4.99,175,28.99,G,"Trailers,Commentaries"
62,"BED HIGHBALL",2006,5,2.99,106,23.99,NC-17,"Trailers,Commentaries,Deleted Scenes"
63,"BEDAZZLED MARRIED",2006,6,0.99,73,21.99,PG,"Trailers,Deleted Scenes,Behind the Scenes"
64,"BEETHOVEN EXORCIST",2006,6,0.99,151,26.99,PG-13,"Commentaries,Behind the Scenes"
65,"BEHAVIOR RUNAWAY",2006,3,4.99,100,20.99,PG,"Trailers,Deleted Scenes,Behind the Scenes"
66,"BENEATH RUSH",2006,6,0.99,53,27.99,NC-17,"Commentaries,Deleted Scenes"
67,"BERETS AGENT",2006,5,2.99,77,24.99,PG-13,"Deleted Scenes"
68,"BETRAYED REAR",2006,5,4.99,122,26.99,NC-17,"Commentaries,Deleted Scenes,Behind the Scenes"
69,"BEVERLY OUTLAW",2006,3,2.99,85,21.99,R,Trailers
70,"BIKINI BORROWERS",2006,7,4.99,142,26.99,NC-17,"Commentaries,Deleted Scenes"
71,"BILKO ANONYMOUS",2006,3,4.99,100,25.99,PG-13,"Commentaries,Deleted Scenes,Behind the Scenes"
72,"BILL OTHERS",2006,6,2.99,93,12.99,PG,"Trailers,Commentaries"
73,"BINGO TALENTED",2006,5,2.99,150,22.99,PG-13,"Trailers,Commentaries"
74,"BIRCH ANTITRUST",2006,4,4.99,162,18.99,PG,"Trailers,Commentaries,Deleted Scenes"
75,"BIRD INDEPENDENCE",2006,6,4.99,163,14.99,G,"Commentaries,Behind the Scenes"
76,"BIRDCAGE CASPER",2006,4,0.99,103,23.99,NC-17,"Commentaries,Deleted Scenes,Behind the Scenes"
77,"BIRDS PERDITION",2006,5,4.99,61,15.99,G,"Trailers,Behind the Scenes"
78,"BLACKOUT PRIVATE",2006,7,2.99,85,12.99,PG,"Trailers,Deleted Scenes"
79,"BLADE POLISH",2006,5,0.99,114,10.99,PG-13,"Trailers,Behind the Scenes"
80,"BLANKET BEVERLY",2006,7,2.99,148,21.99,G,Trailers
81,"BLINDNESS GUN",2006,6,4.99,103,29.99,PG-13,"Trailers,Behind the Scenes"
82,"BLOOD ARGONAUTS",2006,3,0.99,71,13.99,G,"Trailers,Commentaries,Behind the Scenes"
83,"BLUES INSTINCT",2006,5,2.99,50,18.99,G,"Trailers,Deleted Scenes,Behind the Scenes"
84,"BOILED DARES",2006,7,4.99,102,13.99,PG,"Trailers,Commentaries"
85,"BONNIE HOLOCAUST",2006,4,0.99,63,29.99,G,"Deleted Scenes"
86,"BOOGIE AMELIE",2006,6,4.99,121,11.99,R,"Commentaries,Behind the Scenes"
87,"BOONDOCK BALLROOM",2006,7,0.99,76,14.99,NC-17,"Behind the Scenes"
88,"BORN SPINAL",2006,7,4.99,179,17.99,PG,"Trailers,Commentaries,Deleted Scenes"
89,"BORROWERS BEDAZZLED",2006,7,0.99,63,22.99,G,"Commentaries,Deleted Scenes,Behind the Scenes"
90,"BOULEVARD MOB",2006,3,0.99,63,11.99,R,Trailers
91,"BOUND CHEAPER",2006,5,0.99,98,17.99,PG,"Behind the Scenes"
92,"BOWFINGER GABLES",2006,7,4.99,72,19.99,NC-17,"Trailers,Deleted Scenes"
93,"BRANNIGAN SUNRISE",2006,4,4.99,121,27.99,PG,Trailers
94,"BRAVEHEART HUMAN",2006,7,2.99,176,14.99,PG-13,"Trailers,Deleted Scenes"
95,"BREAKFAST GOLDFINGER",2006,5,4.99,123,18.99,G,"Trailers,Commentaries,Deleted Scenes"
96,"BREAKING HOME",2006,4,2.99,169,21.99,PG-13,"Trailers,Commentaries"
97,"BRIDE INTRIGUE",2006,7,0.99,56,24.99,G,"Trailers,Commentaries,Behind the Scenes"
98,"BRIGHT ENCOUNTERS",2006,4,4.99,73,12.99,PG-13,Trailers
99,"BRINGING HYSTERICAL",2006,7,2.99,136,14.99,PG,Trailers
100,"BROOKLYN DESERT",2006,7,4.99,161,21.99,R,Commentaries
101,"BROTHERHOOD BLANKET",2006,3,0.99,73,26.99,R,"Behind the Scenes"
102,"BUBBLE GROSSE",2006,4,4.99,60,20.99,R,"Trailers,Commentaries,Deleted Scenes,Behind the Scenes"
103,"BUCKET BROTHERHOOD",2006,7,4.99,133,27.99,PG,"Commentaries,Deleted Scenes"
104,"BUGSY SONG",2006,4,2.99,119,17.99,G,Commentaries
105,"BULL SHAWSHANK",2006,6,0.99,125,21.99,NC-17,"Deleted Scenes"
106,"BULWORTH COMMANDMENTS",2006,4,2.99,61,14.99,G,Trailers
107,"BUNCH MINDS",2006,4,2.99,63,13.99,G,"Behind the Scenes"
108,"BUTCH PANTHER",2006,6,0.99,67,19.99,PG-13,"Trailers,Commentaries,Deleted Scenes"
109,"BUTTERFLY CHOCOLAT",2006,3,0.99,89,17.99,G,"Behind the Scenes"
110,"CABIN FLASH",2006,4,0.99,53,25.99,NC-17,"Commentaries,Deleted Scenes"
111,"CADDYSHACK JEDI",2006,3,0.99,52,17.99,NC-17,"Commentaries,Deleted Scenes"
112,"CALENDAR GUNFIGHT",2006,4,4.99,120,22.99,NC-17,"Trailers,Commentaries,Behind the Scenes"
113,"CALIFORNIA BIRDS",2006,4,4.99,75,19.99,NC-17,"Trailers,Commentaries,Deleted Scenes"
114,"CAMELOT VACATION",2006,3,0.99,61,26.99,NC-17,"Trailers,Commentaries,Deleted Scenes,Behind the Scenes"
115,"CAMPUS REMEMBER",2006,5,2.99,167,27.99,R,"Behind the Scenes"
116,"CANDIDATE PERDITION",2006,4,2.99,70,10.99,R,"Deleted Scenes,Behind the Scenes"
117,"CANDLES GRAPES",2006,6,4.99,135,15.99,NC-17,"Trailers,Deleted Scenes"
118,"CANYON STOCK",2006,7,0.99,85,26.99,R,"Trailers,Deleted Scenes"
119,"CAPER MOTIONS",2006,6,0.99,176,22.99,G,"Trailers,Commentaries,Deleted Scenes"
120,"CARIBBEAN LIBERTY",2006,3,4.99,92,16.99,NC-17,"Commentaries,Deleted Scenes"
121,"CAROL TEXAS",2006,4,2.99,151,15.99,PG,"Trailers,Behind the Scenes"
122,"CARRIE BUNCH",2006,7,0.99,114,11.99,PG,"Trailers,Commentaries,Behind the Scenes"
123,"CASABLANCA SUPER",2006,6,4.99,85,22.99,G,"Trailers,Deleted Scenes,Behind the Scenes"
124,"CASPER DRAGONFLY",2006,3,4.99,163,16.99,PG-13,Trailers
125,"CASSIDY WYOMING",2006,5,2.99,61,19.99,NC-17,"Commentaries,Behind the Scenes"
126,"CASUALTIES ENCINO",2006,3,4.99,179,16.99,G,Trailers
127,"CAT CONEHEADS",2006,5,4.99,112,14.99,G,"Commentaries,Deleted Scenes"
128,"CATCH AMISTAD",2006,7,0.99,183,10.99,G,"Trailers,Behind the Scenes"
129,"CAUSE DATE",2006,3,2.99,179,16.99,R,"Commentaries,Deleted Scenes,Behind the Scenes"
130,"CELEBRITY HORN",2006,7,0.99,110,24.99,PG-13,"Deleted Scenes,Behind the Scenes"
131,"CENTER DINOSAUR",2006,5,4.99,152,12.99,PG,"Deleted Scenes"
132,"CHAINSAW UPTOWN",2006,6,0.99,114,25.99,PG,"Deleted Scenes,Behind the Scenes"
133,"CHAMBER ITALIAN",2006,7,4.99,117,14.99,NC-17,Trailers
134,"CHAMPION FLATLINERS",2006,4,4.99,51,21.99,PG,Trailers
135,"CHANCE RESURRECTION",2006,3,2.99,70,22.99,R,"Commentaries,Deleted Scenes,Behind the Scenes"
136,"CHAPLIN LICENSE",2006,7,2.99,146,26.99,NC-17,"Behind the Scenes"
137,"CHARADE DUFFEL",2006,3,2.99,66,21.99,PG,"Trailers,Deleted Scenes,Behind the Scenes"
138,"CHARIOTS CONSPIRACY",2006,5,2.99,71,29.99,R,"Deleted Scenes,Behind the Scenes"
139,"CHASING FIGHT",2006,7,4.99,114,21.99,PG,"Trailers,Commentaries"
140,"CHEAPER CLYDE",2006,6,0.99,87,23.99,G,"Trailers,Commentaries,Behind the Scenes"
141,"CHICAGO NORTH",2006,6,4.99,185,11.99,PG-13,"Deleted Scenes,Behind the Scenes"
142,"CHICKEN HELLFIGHTERS",2006,3,0.99,122,24.99,PG,"Trailers,Commentaries,Deleted Scenes,Behind the Scenes"
143,"CHILL LUCK",2006,6,0.99,142,17.99,PG,"Trailers,Commentaries,Deleted Scenes"
144,"CHINATOWN GLADIATOR",2006,7,4.99,61,24.99,PG,"Trailers,Commentaries,Deleted Scenes"
145,"CHISUM BEHAVIOR",2006,5,4.99,124,25.99,G,"Trailers,Commentaries,Behind the Scenes"
146,"CHITTY LOCK",2006,6,2.99,107,24.99,G,Commentaries
147,"CHOCOLAT HARRY",2006,5,0.99,101,16.99,NC-17,"Commentaries,Behind the Scenes"
148,"CHOCOLATE DUCK",2006,3,2.99,132,13.99,R,"Trailers,Commentaries,Behind the Scenes"
149,"CHRISTMAS MOONSHINE",2006,7,0.99,150,21.99,NC-17,"Trailers,Commentaries,Behind the Scenes"
150,"CIDER DESIRE",2006,7,2.99,101,9.99,PG,"Behind the Scenes"
151,"CINCINATTI WHISPERER",2006,5,4.99,143,26.99,NC-17,"Deleted Scenes"
152,"CIRCUS YOUTH",2006,5,2.99,90,13.99,PG-13,"Trailers,Deleted Scenes,Behind the Scenes"
153,"CITIZEN SHREK",2006,7,0.99,165,18.99,G,"Commentaries,Deleted Scenes"
154,"CLASH FREDDY",2006,6,2.99,81,12.99,G,"Commentaries,Deleted Scenes"
155,"CLEOPATRA DEVIL",2006,6,0.99,150,26.99,PG-13,"Trailers,Deleted Scenes,Behind the Scenes"
156,"CLERKS ANGELS",2006,3,4.99,164,15.99,G,Commentaries
157,"CLOCKWORK PARADISE",2006,7,0.99,143,29.99,PG-13,"Trailers,Commentaries,Deleted Scenes,Behind the Scenes"
158,"CLONES PINOCCHIO",2006,6,2.99,124,16.99,R,"Behind the Scenes"
159,"CLOSER BANG",2006,5,4.99,58,12.99,R,"Trailers,Behind the Scenes"
160,"CLUB GRAFFITI",2006,4,0.99,65,12.99,PG-13,"Trailers,Deleted Scenes"
161,"CLUE GRAIL",2006,6,4.99,70,27.99,NC-17,"Trailers,Commentaries,Behind the Scenes"
162,"CLUELESS BUCKET",2006,4,2.99,95,13.99,R,"Trailers,Deleted Scenes,Behind the Scenes"
163,"CLYDE THEORY",2006,4,0.99,139,29.99,PG-13,"Commentaries,Deleted Scenes,Behind the Scenes"
164,"COAST RAINBOW",2006,4,0.99,55,20.99,PG,"Trailers,Commentaries,Deleted Scenes,Behind the Scenes"
165,"COLDBLOODED DARLING",2006,7,4.99,70,27.99,G,"Trailers,Deleted Scenes"
166,"COLOR PHILADELPHIA",2006,6,2.99,149,19.99,G,"Commentaries,Behind the Scenes"
167,"COMA HEAD",2006,6,4.99,109,10.99,NC-17,Commentaries
168,"COMANCHEROS ENEMY",2006,5,0.99,67,23.99,R,"Trailers,Behind the Scenes"
169,"COMFORTS RUSH",2006,3,2.99,76,19.99,NC-17,"Commentaries,Behind the Scenes"
170,"COMMAND DARLING",2006,5,4.99,120,28.99,PG-13,"Behind the Scenes"
171,"COMMANDMENTS EXPRESS",2006,6,4.99,59,13.99,R,"Trailers,Commentaries,Deleted Scenes"
172,"CONEHEADS SMOOCHY",2006,7,4.99,112,12.99,NC-17,"Deleted Scenes,Behind the Scenes"
173,"CONFESSIONS MAGUIRE",2006,7,4.99,65,25.99,PG-13,"Behind the Scenes"
174,"CONFIDENTIAL INTERVIEW",2006,6,4.99,180,13.99,NC-17,Commentaries
175,"CONFUSED CANDLES",2006,3,2.99,122,27.99,PG-13,"Trailers,Commentaries,Deleted Scenes,Behind the Scenes"
176,"CONGENIALITY QUEST",2006,6,0.99,87,21.99,PG-13,"Commentaries,Behind the Scenes"
177,"CONNECTICUT TRAMP",2006,4,4.99,172,20.99,R,"Commentaries,Deleted Scenes"
178,"CONNECTION MICROCOSMOS",2006,6,0.99,115,25.99,G,"Deleted Scenes,Behind the Scenes"
179,"CONQUERER NUTS",2006,4,4.99,173,14.99,G,"Commentaries,Deleted Scenes,Behind the Scenes"
180,"CONSPIRACY SPIRIT",2006,4,2.99,184,27.99,PG-13,"Trailers,Commentaries"
181,"CONTACT ANONYMOUS",2006,7,2.99,166,10.99,PG-13,Commentaries
182,"CONTROL ANTHEM",2006,7,4.99,185,9.99,G,Commentaries
183,"CONVERSATION DOWNHILL",2006,4,4.99,112,14.99,R,Commentaries
184,"CORE SUIT",2006,3,2.99,92,24.99,PG-13,"Deleted Scenes"
185,"COWBOY DOOM",2006,3,2.99,146,10.99,PG,"Commentaries,Deleted Scenes,Behind the Scenes"
186,"CRAFT OUTFIELD",2006,6,0.99,64,17.99,NC-17,"Deleted Scenes,Behind the Scenes"
187,"CRANES RESERVOIR",2006,5,2.99,57,12.99,NC-17,Commentaries
188,"CRAZY HOME",2006,7,2.99,136,24.99,PG,"Commentaries,Deleted Scenes"
189,"CREATURES SHAKESPEARE",2006,3,0.99,139,23.99,NC-17,"Trailers,Deleted Scenes"
190,"CREEPERS KANE",2006,5,4.99,172,23.99,NC-17,"Trailers,Behind the Scenes"
191,"CROOKED FROGMEN",2006,6,0.99,143,27.99,PG-13,"Commentaries,Deleted Scenes,Behind the Scenes"
192,"CROSSING DIVORCE",2006,4,4.99,50,19.99,R,"Commentaries,Deleted Scenes,Behind the Scenes"
193,"CROSSROADS CASUALTIES",2006,5,2.99,153,20.99,G,"Trailers,Commentaries,Behind the Scenes"
194,"CROW GREASE",2006,6,0.99,104,22.99,PG,"Trailers,Commentaries,Behind the Scenes"
195,"CROWDS TELEMARK",2006,3,4.99,112,16.99,R,"Trailers,Behind the Scenes"
196,"CRUELTY UNFORGIVEN",2006,7,0.99,69,29.99,G,"Deleted Scenes,Behind the Scenes"
197,"CRUSADE HONEY",2006,4,2.99,112,27.99,R,Commentaries
198,"CRYSTAL BREAKING",2006,6,2.99,184,22.99,NC-17,"Trailers,Commentaries"
199,"CUPBOARD SINNERS",2006,4,2.99,56,29.99,R,"Behind the Scenes"
200,"CURTAIN VIDEOTAPE",2006,7,0.99,133,27.99,PG-13,"Trailers,Commentaries,Deleted Scenes,Behind the Scenes"
201,"CYCLONE FAMILY",2006,7,2.99,176,18.99,PG,"Trailers,Deleted Scenes"
202,"DADDY PITTSBURGH",2006,5,4.99,161,26.99,G,"Deleted Scenes,Behind the Scenes"
203,"DAISY MENAGERIE",2006,5,4.99,84,9.99,G,"Trailers,Commentaries,Behind the Scenes"
204,"DALMATIONS SWEDEN",2006,4,0.99,106,25.99,PG,"Trailers,Commentaries,Deleted Scenes"
205,"DANCES NONE",2006,3,0.99,58,22.99,NC-17,"Trailers,Commentaries,Deleted Scenes,Behind the Scenes"
206,"DANCING FEVER",2006,6,0.99,144,25.99,G,"Commentaries,Behind the Scenes"
207,"DANGEROUS UPTOWN",2006,7,4.99,121,26.99,PG,Commentaries
208,"DARES PLUTO",2006,7,2.99,89,16.99,PG-13,"Commentaries,Behind the Scenes"
209,"DARKNESS WAR",2006,6,2.99,99,24.99,NC-17,"Deleted Scenes,Behind the Scenes"
210,"DARKO DORADO",2006,3,4.99,130,13.99,NC-17,"Trailers,Commentaries,Deleted Scenes,Behind the Scenes"
211,"DARLING BREAKING",2006,7,4.99,165,20.99,PG-13,"Commentaries,Behind the Scenes"
212,"DARN FORRESTER",2006,7,4.99,185,14.99,G,"Deleted Scenes"
213,"DATE SPEED",2006,4,0.99,104,19.99,R,Commentaries
214,"DAUGHTER MADIGAN",2006,3,4.99,59,13.99,PG-13,Trailers
215,"DAWN POND",2006,4,4.99,57,27.99,PG,"Trailers,Deleted Scenes,Behind the Scenes"
216,"DAY UNFAITHFUL",2006,3,4.99,113,16.99,G,"Trailers,Commentaries,Deleted Scenes,Behind the Scenes"
217,"DAZED PUNK",2006,6,4.99,120,20.99,G,"Commentaries,Deleted Scenes"
218,"DECEIVER BETRAYED",2006,7,0.99,122,22.99,NC-17,"Trailers,Commentaries,Deleted Scenes,Behind the Scenes"
219,"DEEP CRUSADE",2006,6,4.99,51,20.99,PG-13,"Commentaries,Behind the Scenes"
220,"DEER VIRGINIAN",2006,7,2.99,106,13.99,NC-17,"Deleted Scenes"
221,"DELIVERANCE MULHOLLAND",2006,4,0.99,100,9.99,R,"Deleted Scenes"
222,"DESERT POSEIDON",2006,4,4.99,64,27.99,R,"Trailers,Behind the Scenes"
223,"DESIRE ALIEN",2006,7,2.99,76,24.99,NC-17,"Deleted Scenes"
224,"DESPERATE TRAINSPOTTING",2006,7,4.99,81,29.99,G,"Deleted Scenes"
225,"DESTINATION JERK",2006,3,0.99,76,19.99,PG-13,"Trailers,Commentaries,Behind the Scenes"
226,"DESTINY SATURDAY",2006,4,4.99,56,20.99,G,"Trailers,Commentaries,Behind the Scenes"
227,"DETAILS PACKER",2006,4,4.99,88,17.99,R,"Commentaries,Deleted Scenes"
228,"DETECTIVE VISION",2006,4,0.99,143,16.99,PG-13,"Trailers,Commentaries,Behind the Scenes"
229,"DEVIL DESIRE",2006,6,4.99,87,12.99,R,"Trailers,Behind the Scenes"
230,"DIARY PANIC",2006,7,2.99,107,20.99,G,"Commentaries,Behind the Scenes"
231,"DINOSAUR SECRETARY",2006,7,2.99,63,27.99,R,"Trailers,Behind the Scenes"
232,"DIRTY ACE",2006,7,2.99,147,29.99,NC-17,"Commentaries,Deleted Scenes,Behind the Scenes"
233,"DISCIPLE MOTHER",2006,3,0.99,141,17.99,PG,"Trailers,Deleted Scenes,Behind the Scenes"
234,"DISTURBING SCARFACE",2006,6,2.99,94,27.99,R,"Trailers,Behind the Scenes"
235,"DIVIDE MONSTER",2006,6,2.99,68,13.99,PG-13,"Trailers,Commentaries"
236,"DIVINE RESURRECTION",2006,4,2.99,100,19.99,R,"Trailers,Commentaries"
237,"DIVORCE SHINING",2006,3,2.99,47,21.99,G,"Trailers,Commentaries,Deleted Scenes"
238,"DOCTOR GRAIL",2006,4,2.99,57,29.99,G,"Trailers,Commentaries,Behind the Scenes"
239,"DOGMA FAMILY",2006,5,4.99,122,16.99,G,Commentaries
240,"DOLLS RAGE",2006,7,2.99,120,10.99,PG-13,"Commentaries,Deleted Scenes"
241,"DONNIE ALLEY",2006,4,0.99,125,20.99,NC-17,"Trailers,Commentaries,Behind the Scenes"
242,"DOOM DANCING",2006,4,0.99,68,13.99,R,"Trailers,Commentaries"
243,"DOORS PRESIDENT",2006,3,4.99,49,22.99,NC-17,"Trailers,Commentaries,Deleted Scenes,Behind the Scenes"
244,"DORADO NOTTING",2006,5,4.99,139,26.99,NC-17,Commentaries
245,"DOUBLE WRATH",2006,4,0.99,177,28.99,R,"Trailers,Deleted Scenes,Behind the Scenes"
246,"DOUBTFIRE LABYRINTH",2006,5,4.99,154,16.99,R,"Deleted Scenes,Behind the Scenes"
247,"DOWNHILL ENOUGH",2006,3,0.99,47,19.99,G,"Trailers,Commentaries,Deleted Scenes"
248,"DOZEN LION",2006,6,4.99,177,20.99,NC-17,"Commentaries,Deleted Scenes,Behind the Scenes"
249,"DRACULA CRYSTAL",2006,7,0.99,176,26.99,G,Commentaries
250,"DRAGON SQUAD",2006,4,0.99,170,26.99,NC-17,"Deleted Scenes,Behind the Scenes"
251,"DRAGONFLY STRANGERS",2006,6,4.99,133,19.99,NC-17,"Trailers,Behind the Scenes"
252,"DREAM PICKUP",2006,6,2.99,135,18.99,PG,"Trailers,Commentaries,Behind the Scenes"
253,"DRIFTER COMMANDMENTS",2006,5,4.99,61,18.99,PG-13,"Trailers,Behind the Scenes"
254,"DRIVER ANNIE",2006,4,2.99,159,11.99,PG-13,"Trailers,Deleted Scenes,Behind the Scenes"
255,"DRIVING POLISH",2006,6,4.99,175,21.99,NC-17,"Trailers,Deleted Scenes"
256,"DROP WATERFRONT",2006,6,4.99,178,20.99,R,"Trailers,Commentaries"
257,"DRUMLINE CYCLONE",2006,3,0.99,110,14.99,G,"Commentaries,Deleted Scenes,Behind the Scenes"
258,"DRUMS DYNAMITE",2006,6,0.99,96,11.99,PG,Trailers
259,"DUCK RACER",2006,4,2.99,116,15.99,NC-17,"Behind the Scenes"
260,"DUDE BLINDNESS",2006,3,4.99,132,9.99,G,"Trailers,Deleted Scenes"
261,"DUFFEL APOCALYPSE",2006,5,0.99,171,13.99,G,Commentaries
262,"DUMBO LUST",2006,5,0.99,119,17.99,NC-17,"Behind the Scenes"
263,"DURHAM PANKY",2006,6,4.99,154,14.99,R,"Trailers,Commentaries"
264,"DWARFS ALTER",2006,6,2.99,101,13.99,G,"Commentaries,Deleted Scenes"
265,"DYING MAKER",2006,5,4.99,168,28.99,PG,"Behind the Scenes"
266,"DYNAMITE TARZAN",2006,4,0.99,141,27.99,PG-13,"Deleted Scenes"
267,"EAGLES PANKY",2006,4,4.99,140,14.99,NC-17,"Trailers,Commentaries,Behind the Scenes"
268,"EARLY HOME",2006,6,4.99,96,27.99,NC-17,"Trailers,Commentaries,Behind the Scenes"
269,"EARRING INSTINCT",2006,3,0.99,98,22.99,R,"Behind the Scenes"
270,"EARTH VISION",2006,7,0.99,85,29.99,NC-17,"Trailers,Commentaries,Deleted Scenes"
271,"EASY GLADIATOR",2006,5,4.99,148,12.99,G,"Trailers,Commentaries,Behind the Scenes"
272,"EDGE KISSING",2006,5,4.99,153,9.99,NC-17,"Deleted Scenes"
273,"EFFECT GLADIATOR",2006,6,0.99,107,14.99,PG,Commentaries
274,"EGG IGBY",2006,4,2.99,67,20.99,PG,"Commentaries,Behind the Scenes"
275,"EGYPT TENENBAUMS",2006,3,0.99,85,11.99,PG,"Commentaries,Deleted Scenes,Behind the Scenes"
276,"ELEMENT FREDDY",2006,6,4.99,115,28.99,NC-17,"Commentaries,Behind the Scenes"
277,"ELEPHANT TROJAN",2006,4,4.99,126,24.99,PG-13,"Behind the Scenes"
278,"ELF MURDER",2006,4,4.99,155,19.99,NC-17,"Trailers,Commentaries,Behind the Scenes"
279,"ELIZABETH SHANE",2006,7,4.99,152,11.99,NC-17,"Trailers,Deleted Scenes,Behind the Scenes"
280,"EMPIRE MALKOVICH",2006,7,0.99,177,26.99,G,"Deleted Scenes"
281,"ENCINO ELF",2006,6,0.99,143,9.99,G,"Trailers,Behind the Scenes"
282,"ENCOUNTERS CURTAIN",2006,5,0.99,92,20.99,NC-17,Trailers
283,"ENDING CROWDS",2006,6,0.99,85,10.99,NC-17,"Commentaries,Behind the Scenes"
284,"ENEMY ODDS",2006,5,4.99,77,23.99,NC-17,Trailers
285,"ENGLISH BULWORTH",2006,3,0.99,51,18.99,PG-13,"Deleted Scenes"
286,"ENOUGH RAGING",2006,7,2.99,158,16.99,NC-17,Commentaries
287,"ENTRAPMENT SATISFACTION",2006,5,0.99,176,19.99,R,"Commentaries,Deleted Scenes,Behind the Scenes"
288,"ESCAPE METROPOLIS",2006,7,2.99,167,20.99,R,Trailers
289,"EVE RESURRECTION",2006,5,4.99,66,25.99,G,"Trailers,Commentaries,Deleted Scenes"
290,"EVERYONE CRAFT",2006,4,0.99,163,29.99,PG,"Trailers,Commentaries"
291,"EVOLUTION ALTER",2006,5,0.99,174,10.99,PG-13,"Behind the Scenes"
292,"EXCITEMENT EVE",2006,3,0.99,51,20.99,G,Commentaries
293,"EXORCIST STING",2006,6,2.99,167,17.99,G,"Commentaries,Deleted Scenes,Behind the Scenes"
294,"EXPECATIONS NATURAL",2006,5,4.99,138,26.99,PG-13,"Deleted Scenes"
295,"EXPENDABLE STALLION",2006,3,0.99,97,14.99,PG,"Trailers,Behind the Scenes"
296,"EXPRESS LONELY",2006,5,2.99,178,23.99,R,Trailers
297,"EXTRAORDINARY CONQUERER",2006,6,2.99,122,29.99,G,"Trailers,Commentaries,Deleted Scenes"
298,"EYES DRIVING",2006,4,2.99,172,13.99,PG-13,"Trailers,Commentaries"
299,"FACTORY DRAGON",2006,4,0.99,144,9.99,PG-13,"Trailers,Commentaries,Deleted Scenes"
300,"FALCON VOLUME",2006,5,4.99,102,21.99,PG-13,"Commentaries,Behind the Scenes"
301,"FAMILY SWEET",2006,4,0.99,155,24.99,R,Trailers
302,"FANTASIA PARK",2006,5,2.99,131,29.99,G,Commentaries
303,"FANTASY TROOPERS",2006,6,0.99,58,27.99,PG-13,"Behind the Scenes"
304,"FARGO GANDHI",2006,3,2.99,130,28.99,G,"Deleted Scenes"
305,"FATAL HAUNTED",2006,6,2.99,91,24.99,PG,"Trailers,Behind the Scenes"
306,"FEATHERS METAL",2006,3,0.99,104,12.99,PG-13,"Trailers,Deleted Scenes"
307,"FELLOWSHIP AUTUMN",2006,6,4.99,77,9.99,NC-17,"Deleted Scenes,Behind the Scenes"
308,"FERRIS MOTHER",2006,3,2.99,142,13.99,PG,"Trailers,Deleted Scenes,Behind the Scenes"
309,"FEUD FROGMEN",2006,6,0.99,98,29.99,R,"Trailers,Commentaries,Deleted Scenes,Behind the Scenes"
310,"FEVER EMPIRE",2006,5,4.99,158,20.99,R,"Commentaries,Deleted Scenes"
311,"FICTION CHRISTMAS",2006,4,0.99,72,14.99,PG,"Trailers,Commentaries,Deleted Scenes,Behind the Scenes"
312,"FIDDLER LOST",2006,4,4.99,75,20.99,R,"Deleted Scenes,Behind the Scenes"
313,"FIDELITY DEVIL",2006,5,4.99,118,11.99,G,"Trailers,Deleted Scenes,Behind the Scenes"
314,"FIGHT JAWBREAKER",2006,3,0.99,91,13.99,R,"Trailers,Commentaries,Deleted Scenes,Behind the Scenes"
315,"FINDING ANACONDA",2006,4,0.99,156,10.99,R,"Trailers,Commentaries"
316,"FIRE WOLVES",2006,5,4.99,173,18.99,R,Trailers
317,"FIREBALL PHILADELPHIA",2006,4,0.99,148,25.99,PG,"Trailers,Commentaries,Behind the Scenes"
318,"FIREHOUSE VIETNAM",2006,7,0.99,103,14.99,G,"Commentaries,Deleted Scenes"
319,"FISH OPUS",2006,4,2.99,125,22.99,R,"Trailers,Deleted Scenes,Behind the Scenes"
320,"FLAMINGOS CONNECTICUT",2006,4,4.99,80,28.99,PG-13,Trailers
321,"FLASH WARS",2006,3,4.99,123,21.99,NC-17,"Trailers,Commentaries,Behind the Scenes"
322,"FLATLINERS KILLER",2006,5,2.99,100,29.99,G,"Trailers,Commentaries,Deleted Scenes"
323,"FLIGHT LIES",2006,7,4.99,179,22.99,R,Trailers
324,"FLINTSTONES HAPPINESS",2006,3,4.99,148,11.99,PG-13,"Trailers,Commentaries,Deleted Scenes,Behind the Scenes"
325,"FLOATS GARDEN",2006,6,2.99,145,29.99,PG-13,"Trailers,Commentaries,Behind the Scenes"
326,"FLYING HOOK",2006,6,2.99,69,18.99,NC-17,"Trailers,Commentaries,Behind the Scenes"
327,"FOOL MOCKINGBIRD",2006,3,4.99,158,24.99,PG,"Trailers,Commentaries"
328,"FOREVER CANDIDATE",2006,7,2.99,131,28.99,NC-17,"Commentaries,Deleted Scenes,Behind the Scenes"
329,"FORREST SONS",2006,4,2.99,63,15.99,R,Commentaries
330,"FORRESTER COMANCHEROS",2006,7,4.99,112,22.99,NC-17,"Trailers,Behind the Scenes"
331,"FORWARD TEMPLE",2006,6,2.99,90,25.99,NC-17,"Trailers,Commentaries,Behind the Scenes"
332,"FRANKENSTEIN STRANGER",2006,7,0.99,159,16.99,NC-17,"Deleted Scenes,Behind the Scenes"
333,"FREAKY POCUS",2006,7,2.99,126,16.99,R,"Trailers,Behind the Scenes"
334,"FREDDY STORM",2006,6,4.99,65,21.99,NC-17,"Trailers,Commentaries,Behind the Scenes"
335,"FREEDOM CLEOPATRA",2006,5,0.99,133,23.99,PG-13,"Trailers,Commentaries,Behind the Scenes"
336,"FRENCH HOLIDAY",2006,5,4.99,99,22.99,PG,"Behind the Scenes"
337,"FRIDA SLIPPER",2006,6,2.99,73,11.99,R,"Trailers,Deleted Scenes"
338,"FRISCO FORREST",2006,6,4.99,51,23.99,PG,"Commentaries,Deleted Scenes,Behind the Scenes"
339,"FROGMEN BREAKING",2006,5,0.99,111,17.99,R,"Trailers,Deleted Scenes,Behind the Scenes"
340,"FRONTIER CABIN",2006,6,4.99,183,14.99,PG-13,"Commentaries,Deleted Scenes"
341,"FROST HEAD",2006,5,0.99,82,13.99,PG,"Trailers,Deleted Scenes"
342,"FUGITIVE MAGUIRE",2006,7,4.99,83,28.99,R,"Trailers,Commentaries,Deleted Scenes"
343,"FULL FLATLINERS",2006,6,2.99,94,14.99,PG,"Trailers,Deleted Scenes"
344,"FURY MURDER",2006,3,0.99,178,28.99,PG-13,"Deleted Scenes"
345,"GABLES METROPOLIS",2006,3,0.99,161,17.99,PG,"Trailers,Commentaries"
346,"GALAXY SWEETHEARTS",2006,4,4.99,128,13.99,R,"Deleted Scenes"
347,"GAMES BOWFINGER",2006,7,4.99,119,17.99,PG-13,"Behind the Scenes"
348,"GANDHI KWAI",2006,7,0.99,86,9.99,PG-13,Trailers
349,"GANGS PRIDE",2006,4,2.99,185,27.99,PG-13,"Behind the Scenes"
350,"GARDEN ISLAND",2006,3,4.99,80,21.99,G,"Trailers,Behind the Scenes"
351,"GASLIGHT CRUSADE",2006,4,2.99,106,10.99,PG,"Trailers,Deleted Scenes"
352,"GATHERING CALENDAR",2006,4,0.99,176,22.99,PG-13,"Commentaries,Behind the Scenes"
353,"GENTLEMEN STAGE",2006,6,2.99,125,22.99,NC-17,"Commentaries,Deleted Scenes"
354,"GHOST GROUNDHOG",2006,6,4.99,85,18.99,G,"Trailers,Commentaries,Deleted Scenes,Behind the Scenes"
355,"GHOSTBUSTERS ELF",2006,7,0.99,101,18.99,R,"Trailers,Deleted Scenes,Behind the Scenes"
356,"GIANT TROOPERS",2006,5,2.99,102,10.99,R,"Trailers,Commentaries"
357,"GILBERT PELICAN",2006,7,0.99,114,13.99,G,"Trailers,Commentaries"
358,"GILMORE BOILED",2006,5,0.99,163,29.99,R,"Trailers,Behind the Scenes"
359,"GLADIATOR WESTWARD",2006,6,4.99,173,20.99,PG,"Commentaries,Deleted Scenes"
360,"GLASS DYING",2006,4,0.99,103,24.99,G,Trailers
361,"GLEAMING JAWBREAKER",2006,5,2.99,89,25.99,NC-17,"Trailers,Commentaries"
362,"GLORY TRACY",2006,7,2.99,115,13.99,PG-13,"Trailers,Commentaries,Behind the Scenes"
363,"GO PURPLE",2006,3,0.99,54,12.99,R,Trailers
364,"GODFATHER DIARY",2006,3,2.99,73,14.99,NC-17,Trailers
365,"GOLD RIVER",2006,4,4.99,154,21.99,R,"Trailers,Commentaries,Deleted Scenes,Behind the Scenes"
366,"GOLDFINGER SENSIBILITY",2006,3,0.99,93,29.99,G,"Trailers,Commentaries,Behind the Scenes"
367,"GOLDMINE TYCOON",2006,6,0.99,153,20.99,R,"Trailers,Behind the Scenes"
368,"GONE TROUBLE",2006,7,2.99,84,20.99,R,"Deleted Scenes,Behind the Scenes"
369,"GOODFELLAS SALUTE",2006,4,4.99,56,22.99,PG,"Deleted Scenes"
370,"GORGEOUS BINGO",2006,4,2.99,108,26.99,R,"Deleted Scenes,Behind the Scenes"
371,"GOSFORD DONNIE",2006,5,4.99,129,17.99,G,Commentaries
372,"GRACELAND DYNAMITE",2006,5,4.99,140,26.99,R,"Trailers,Commentaries"
373,"GRADUATE LORD",2006,7,2.99,156,14.99,G,"Trailers,Behind the Scenes"
374,"GRAFFITI LOVE",2006,3,0.99,117,29.99,PG,"Trailers,Deleted Scenes"
375,"GRAIL FRANKENSTEIN",2006,4,2.99,85,17.99,NC-17,"Commentaries,Deleted Scenes,Behind the Scenes"
376,"GRAPES FURY",2006,4,0.99,155,20.99,G,"Commentaries,Behind the Scenes"
377,"GREASE YOUTH",2006,7,0.99,135,20.99,G,"Trailers,Deleted Scenes"
378,"GREATEST NORTH",2006,5,2.99,93,24.99,NC-17,"Trailers,Commentaries,Behind the Scenes"
379,"GREEDY ROOTS",2006,7,0.99,166,14.99,R,"Trailers,Commentaries,Deleted Scenes"
380,"GREEK EVERYONE",2006,7,2.99,176,11.99,PG,"Trailers,Deleted Scenes"
381,"GRINCH MASSAGE",2006,7,4.99,150,25.99,R,Trailers
382,"GRIT CLOCKWORK",2006,3,0.99,137,21.99,PG,"Trailers,Deleted Scenes"
383,"GROOVE FICTION",2006,6,0.99,111,13.99,NC-17,"Behind the Scenes"
384,"GROSSE WONDERFUL",2006,5,4.99,49,19.99,R,"Behind the Scenes"
385,"GROUNDHOG UNCUT",2006,6,4.99,139,26.99,PG-13,"Trailers,Commentaries,Deleted Scenes,Behind the Scenes"
386,"GUMP DATE",2006,3,4.99,53,12.99,NC-17,"Deleted Scenes"
387,"GUN BONNIE",2006,7,0.99,100,27.99,G,"Behind the Scenes"
388,"GUNFIGHT MOON",2006,5,0.99,70,16.99,NC-17,"Deleted Scenes,Behind the Scenes"
389,"GUNFIGHTER MUSSOLINI",2006,3,2.99,127,9.99,PG-13,"Trailers,Commentaries"
390,"GUYS FALCON",2006,4,4.99,84,20.99,R,"Trailers,Commentaries,Behind the Scenes"
391,"HALF OUTFIELD",2006,6,2.99,146,25.99,PG-13,"Trailers,Commentaries,Deleted Scenes,Behind the Scenes"
392,"HALL CASSIDY",2006,5,4.99,51,13.99,NC-17,"Commentaries,Behind the Scenes"
393,"HALLOWEEN NUTS",2006,6,2.99,47,19.99,PG-13,"Deleted Scenes"
394,"HAMLET WISDOM",2006,7,2.99,146,21.99,R,"Trailers,Deleted Scenes"
395,"HANDICAP BOONDOCK",2006,4,0.99,108,28.99,R,"Commentaries,Deleted Scenes,Behind the Scenes"
396,"HANGING DEEP",2006,5,4.99,62,18.99,G,"Trailers,Commentaries,Deleted Scenes"
397,"HANKY OCTOBER",2006,5,2.99,107,26.99,NC-17,"Trailers,Commentaries,Deleted Scenes"
398,"HANOVER GALAXY",2006,5,4.99,47,21.99,NC-17,"Commentaries,Deleted Scenes,Behind the Scenes"
399,"HAPPINESS UNITED",2006,6,2.99,100,23.99,G,"Deleted Scenes"
400,"HARDLY ROBBERS",2006,7,2.99,72,15.99,R,"Trailers,Behind the Scenes"
401,"HAROLD FRENCH",2006,6,0.99,168,10.99,NC-17,"Commentaries,Deleted Scenes,Behind the Scenes"
402,"HARPER DYING",2006,3,0.99,52,15.99,G,Trailers
403,"HARRY IDAHO",2006,5,4.99,121,18.99,PG-13,"Commentaries,Deleted Scenes"
404,"HATE HANDICAP",2006,4,0.99,107,26.99,PG,"Trailers,Commentaries,Behind the Scenes"
405,"HAUNTED ANTITRUST",2006,6,4.99,76,13.99,NC-17,"Trailers,Deleted Scenes"
406,"HAUNTING PIANIST",2006,5,0.99,181,22.99,R,"Behind the Scenes"
407,"HAWK CHILL",2006,5,0.99,47,12.99,PG-13,"Behind the Scenes"
408,"HEAD STRANGER",2006,4,4.99,69,28.99,R,"Trailers,Commentaries"
409,"HEARTBREAKERS BRIGHT",2006,3,4.99,59,9.99,G,"Trailers,Deleted Scenes"
410,"HEAVEN FREEDOM",2006,7,2.99,48,19.99,PG,Commentaries
411,"HEAVENLY GUN",2006,5,4.99,49,13.99,NC-17,"Behind the Scenes"
412,"HEAVYWEIGHTS BEAST",2006,6,4.99,102,25.99,G,"Deleted Scenes"
413,"HEDWIG ALTER",2006,7,2.99,169,16.99,NC-17,"Trailers,Commentaries,Behind the Scenes"
414,"HELLFIGHTERS SIERRA",2006,3,2.99,75,23.99,PG,"Deleted Scenes,Behind the Scenes"
415,"HIGH ENCINO",2006,3,2.99,84,23.99,R,"Trailers,Commentaries,Behind the Scenes"
416,"HIGHBALL POTTER",2006,6,0.99,110,10.99,R,"Deleted Scenes"
417,"HILLS NEIGHBORS",2006,5,0.99,93,29.99,G,"Trailers,Commentaries,Deleted Scenes,Behind the Scenes"
418,"HOBBIT ALIEN",2006,5,0.99,157,27.99,PG-13,Commentaries
419,"HOCUS FRIDA",2006,4,2.99,141,19.99,G,"Trailers,Deleted Scenes,Behind the Scenes"
420,"HOLES BRANNIGAN",2006,7,4.99,128,27.99,PG,"Commentaries,Behind the Scenes"
421,"HOLIDAY GAMES",2006,7,4.99,78,10.99,PG-13,"Trailers,Commentaries,Behind the Scenes"
422,"HOLLOW JEOPARDY",2006,7,4.99,136,25.99,NC-17,"Behind the Scenes"
423,"HOLLYWOOD ANONYMOUS",2006,7,0.99,69,29.99,PG,"Trailers,Behind the Scenes"
424,"HOLOCAUST HIGHBALL",2006,6,0.99,149,12.99,R,"Deleted Scenes"
425,"HOLY TADPOLE",2006,6,0.99,88,20.99,R,"Behind the Scenes"
426,"HOME PITY",2006,7,4.99,185,15.99,R,"Trailers,Commentaries,Behind the Scenes"
427,"HOMEWARD CIDER",2006,5,0.99,103,19.99,R,Trailers
428,"HOMICIDE PEACH",2006,6,2.99,141,21.99,PG-13,Commentaries
429,"HONEY TIES",2006,3,0.99,84,29.99,R,"Trailers,Commentaries,Deleted Scenes"
430,"HOOK CHARIOTS",2006,7,0.99,49,23.99,G,"Trailers,Commentaries,Behind the Scenes"
431,"HOOSIERS BIRDCAGE",2006,3,2.99,176,12.99,G,"Trailers,Commentaries,Deleted Scenes"
432,"HOPE TOOTSIE",2006,4,2.99,139,22.99,NC-17,"Trailers,Deleted Scenes,Behind the Scenes"
433,"HORN WORKING",2006,4,2.99,95,23.99,PG,Trailers
434,"HORROR REIGN",2006,3,0.99,139,25.99,R,"Deleted Scenes,Behind the Scenes"
435,"HOTEL HAPPINESS",2006,6,4.99,181,28.99,PG-13,"Behind the Scenes"
436,"HOURS RAGE",2006,4,0.99,122,14.99,NC-17,"Trailers,Deleted Scenes"
437,"HOUSE DYNAMITE",2006,7,2.99,109,13.99,R,"Commentaries,Deleted Scenes,Behind the Scenes"
438,"HUMAN GRAFFITI",2006,3,2.99,68,22.99,NC-17,"Trailers,Behind the Scenes"
439,"HUNCHBACK IMPOSSIBLE",2006,4,4.99,151,28.99,PG-13,"Trailers,Deleted Scenes"
440,"HUNGER ROOF",2006,6,0.99,105,21.99,G,"Deleted Scenes,Behind the Scenes"
441,"HUNTER ALTER",2006,5,2.99,125,21.99,PG-13,"Commentaries,Deleted Scenes,Behind the Scenes"
442,"HUNTING MUSKETEERS",2006,6,2.99,65,24.99,NC-17,"Trailers,Deleted Scenes"
443,"HURRICANE AFFAIR",2006,6,2.99,49,11.99,PG,"Trailers,Commentaries,Behind the Scenes"
444,"HUSTLER PARTY",2006,3,4.99,83,22.99,NC-17,"Trailers,Commentaries,Behind the Scenes"
445,"HYDE DOCTOR",2006,5,2.99,100,11.99,G,"Trailers,Deleted Scenes"
446,"HYSTERICAL GRAIL",2006,5,4.99,150,19.99,PG,"Trailers,Commentaries,Deleted Scenes"
447,"ICE CROSSING",2006,5,2.99,131,28.99,R,"Deleted Scenes"
448,"IDAHO LOVE",2006,3,2.99,172,25.99,PG-13,"Trailers,Commentaries,Deleted Scenes,Behind the Scenes"
449,"IDENTITY LOVER",2006,4,2.99,119,12.99,PG-13,"Deleted Scenes"
450,"IDOLS SNATCHERS",2006,5,2.99,84,29.99,NC-17,Trailers
451,"IGBY MAKER",2006,7,4.99,160,12.99,NC-17,"Trailers,Behind the Scenes"
452,"ILLUSION AMELIE",2006,4,0.99,122,15.99,R,"Commentaries,Behind the Scenes"
453,"IMAGE PRINCESS",2006,3,2.99,178,17.99,PG-13,"Trailers,Commentaries,Deleted Scenes"
454,"IMPACT ALADDIN",2006,6,0.99,180,20.99,PG-13,"Trailers,Deleted Scenes"
455,"IMPOSSIBLE PREJUDICE",2006,7,4.99,103,11.99,NC-17,"Deleted Scenes"
456,"INCH JET",2006,6,4.99,167,18.99,NC-17,"Deleted Scenes"
457,"INDEPENDENCE HOTEL",2006,5,0.99,157,21.99,NC-17,"Trailers,Behind the Scenes"
458,"INDIAN LOVE",2006,4,0.99,135,26.99,NC-17,"Trailers,Commentaries,Deleted Scenes,Behind the Scenes"
459,"INFORMER DOUBLE",2006,4,4.99,74,23.99,NC-17,"Trailers,Commentaries"
460,"INNOCENT USUAL",2006,3,4.99,178,26.99,PG-13,"Trailers,Deleted Scenes,Behind the Scenes"
461,"INSECTS STONE",2006,3,0.99,123,14.99,NC-17,"Trailers,Commentaries,Behind the Scenes"
462,"INSIDER ARIZONA",2006,5,2.99,78,17.99,NC-17,Commentaries
463,"INSTINCT AIRPORT",2006,4,2.99,116,21.99,PG,"Commentaries,Deleted Scenes"
464,"INTENTIONS EMPIRE",2006,3,2.99,107,13.99,PG-13,"Trailers,Behind the Scenes"
465,"INTERVIEW LIAISONS",2006,4,4.99,59,17.99,R,"Commentaries,Behind the Scenes"
466,"INTOLERABLE INTENTIONS",2006,6,4.99,63,20.99,PG-13,"Commentaries,Behind the Scenes"
467,"INTRIGUE WORST",2006,6,0.99,181,10.99,G,"Deleted Scenes"
468,"INVASION CYCLONE",2006,5,2.99,97,12.99,PG,"Trailers,Deleted Scenes"
469,"IRON MOON",2006,7,4.99,46,27.99,PG,"Commentaries,Behind the Scenes"
470,"ISHTAR ROCKETEER",2006,4,4.99,79,24.99,R,"Trailers,Commentaries,Deleted Scenes"
471,"ISLAND EXORCIST",2006,7,2.99,84,23.99,NC-17,"Trailers,Commentaries"
472,"ITALIAN AFRICAN",2006,3,4.99,174,24.99,G,"Trailers,Commentaries,Deleted Scenes"
473,"JACKET FRISCO",2006,5,2.99,181,16.99,PG-13,"Trailers,Deleted Scenes,Behind the Scenes"
474,"JADE BUNCH",2006,6,2.99,174,21.99,NC-17,"Trailers,Commentaries,Behind the Scenes"
475,"JAPANESE RUN",2006,6,0.99,135,29.99,G,"Deleted Scenes"
476,"JASON TRAP",2006,5,2.99,130,9.99,NC-17,"Trailers,Deleted Scenes,Behind the Scenes"
477,"JAWBREAKER BROOKLYN",2006,5,0.99,118,15.99,PG,"Trailers,Behind the Scenes"
478,"JAWS HARRY",2006,4,2.99,112,10.99,G,"Deleted Scenes"
479,"JEDI BENEATH",2006,7,0.99,128,12.99,PG,"Trailers,Commentaries,Deleted Scenes"
480,"JEEPERS WEDDING",2006,3,2.99,84,29.99,R,"Trailers,Commentaries,Deleted Scenes"
481,"JEKYLL FROGMEN",2006,4,2.99,58,22.99,PG,"Commentaries,Deleted Scenes,Behind the Scenes"
482,"JEOPARDY ENCINO",2006,3,0.99,102,12.99,R,"Trailers,Commentaries"
483,"JERICHO MULAN",2006,3,2.99,171,29.99,NC-17,Commentaries
484,"JERK PAYCHECK",2006,3,2.99,172,13.99,NC-17,"Trailers,Commentaries,Deleted Scenes,Behind the Scenes"
485,"JERSEY SASSY",2006,6,4.99,60,16.99,PG,"Deleted Scenes,Behind the Scenes"
486,"JET NEIGHBORS",2006,7,4.99,59,14.99,R,"Trailers,Commentaries,Behind the Scenes"
487,"JINGLE SAGEBRUSH",2006,6,4.99,124,29.99,PG-13,"Trailers,Commentaries"
488,"JOON NORTHWEST",2006,3,0.99,105,23.99,NC-17,"Trailers,Commentaries,Behind the Scenes"
489,"JUGGLER HARDLY",2006,4,0.99,54,14.99,PG-13,"Trailers,Commentaries"
490,"JUMANJI BLADE",2006,4,2.99,121,13.99,G,"Commentaries,Behind the Scenes"
491,"JUMPING WRATH",2006,4,0.99,74,18.99,NC-17,"Commentaries,Behind the Scenes"
492,"JUNGLE CLOSER",2006,6,0.99,134,11.99,NC-17,"Trailers,Commentaries,Deleted Scenes"
493,"KANE EXORCIST",2006,5,0.99,92,18.99,R,"Trailers,Commentaries"
494,"KARATE MOON",2006,4,0.99,120,21.99,PG-13,"Behind the Scenes"
495,"KENTUCKIAN GIANT",2006,5,2.99,169,10.99,PG,"Trailers,Commentaries,Deleted Scenes,Behind the Scenes"
496,"KICK SAVANNAH",2006,3,0.99,179,10.99,PG-13,"Trailers,Commentaries,Deleted Scenes"
497,"KILL BROTHERHOOD",2006,4,0.99,54,15.99,G,"Trailers,Commentaries"
498,"KILLER INNOCENT",2006,7,2.99,161,11.99,R,"Trailers,Commentaries,Deleted Scenes"
499,"KING EVOLUTION",2006,3,4.99,184,24.99,NC-17,"Trailers,Deleted Scenes,Behind the Scenes"
500,"KISS GLORY",2006,5,4.99,163,11.99,PG-13,"Trailers,Commentaries,Behind the Scenes"
501,"KISSING DOLLS",2006,3,4.99,141,9.99,R,Trailers
502,"KNOCK WARLOCK",2006,4,2.99,71,21.99,PG-13,Trailers
503,"KRAMER CHOCOLATE",2006,3,2.99,171,24.99,R,Trailers
504,"KWAI HOMEWARD",2006,5,0.99,46,25.99,PG-13,"Trailers,Commentaries"
505,"LABYRINTH LEAGUE",2006,6,2.99,46,24.99,PG-13,"Commentaries,Behind the Scenes"
506,"LADY STAGE",2006,4,4.99,67,14.99,PG,"Trailers,Deleted Scenes,Behind the Scenes"
507,"LADYBUGS ARMAGEDDON",2006,4,0.99,113,13.99,NC-17,"Deleted Scenes"
508,"LAMBS CINCINATTI",2006,6,4.99,144,18.99,PG-13,"Trailers,Behind the Scenes"
509,"LANGUAGE COWBOY",2006,5,0.99,78,26.99,NC-17,"Trailers,Deleted Scenes"
510,"LAWLESS VISION",2006,6,4.99,181,29.99,G,"Deleted Scenes,Behind the Scenes"
511,"LAWRENCE LOVE",2006,7,0.99,175,23.99,NC-17,"Commentaries,Deleted Scenes,Behind the Scenes"
512,"LEAGUE HELLFIGHTERS",2006,5,4.99,110,25.99,PG-13,Trailers
513,"LEATHERNECKS DWARFS",2006,6,2.99,153,21.99,PG-13,"Trailers,Commentaries,Behind the Scenes"
514,"LEBOWSKI SOLDIERS",2006,6,2.99,69,17.99,PG-13,"Commentaries,Deleted Scenes"
515,"LEGALLY SECRETARY",2006,7,4.99,113,14.99,PG,"Trailers,Commentaries,Behind the Scenes"
516,"LEGEND JEDI",2006,7,0.99,59,18.99,PG,"Commentaries,Deleted Scenes"
517,"LESSON CLEOPATRA",2006,3,0.99,167,28.99,NC-17,"Deleted Scenes,Behind the Scenes"
518,"LIAISONS SWEET",2006,5,4.99,140,15.99,PG,"Commentaries,Behind the Scenes"
519,"LIBERTY MAGNIFICENT",2006,3,2.99,138,27.99,G,"Commentaries,Deleted Scenes,Behind the Scenes"
520,"LICENSE WEEKEND",2006,7,2.99,91,28.99,NC-17,"Deleted Scenes,Behind the Scenes"
521,"LIES TREATMENT",2006,7,4.99,147,28.99,NC-17,"Commentaries,Deleted Scenes,Behind the Scenes"
522,"LIFE TWISTED",2006,4,2.99,137,9.99,NC-17,"Commentaries,Deleted Scenes"
523,"LIGHTS DEER",2006,7,0.99,174,21.99,R,Commentaries
524,"LION UNCUT",2006,6,0.99,50,13.99,PG,"Trailers,Deleted Scenes"
525,"LOATHING LEGALLY",2006,4,0.99,140,29.99,R,"Deleted Scenes"
526,"LOCK REAR",2006,7,2.99,120,10.99,R,"Trailers,Commentaries"
527,"LOLA AGENT",2006,4,4.99,85,24.99,PG,"Trailers,Commentaries"
528,"LOLITA WORLD",2006,4,2.99,155,25.99,NC-17,"Trailers,Deleted Scenes"
529,"LONELY ELEPHANT",2006,3,2.99,67,12.99,G,"Trailers,Commentaries,Deleted Scenes,Behind the Scenes"
530,"LORD ARIZONA",2006,5,2.99,108,27.99,PG-13,Trailers
531,"LOSE INCH",2006,3,0.99,137,18.99,R,"Trailers,Commentaries"
532,"LOSER HUSTLER",2006,5,4.99,80,28.99,PG,"Deleted Scenes,Behind the Scenes"
533,"LOST BIRD",2006,4,2.99,98,21.99,PG-13,"Deleted Scenes"
534,"LOUISIANA HARRY",2006,5,0.99,70,18.99,PG-13,Trailers
535,"LOVE SUICIDES",2006,6,0.99,181,21.99,R,"Trailers,Behind the Scenes"
536,"LOVELY JINGLE",2006,3,2.99,65,18.99,PG,"Trailers,Behind the Scenes"
537,"LOVER TRUMAN",2006,3,2.99,75,29.99,G,Trailers
538,"LOVERBOY ATTACKS",2006,7,0.99,162,19.99,PG-13,"Trailers,Behind the Scenes"
539,"LUCK OPUS",2006,7,2.99,152,21.99,NC-17,"Trailers,Commentaries,Behind the Scenes"
540,"LUCKY FLYING",2006,7,2.99,97,10.99,PG-13,"Trailers,Commentaries,Behind the Scenes"
541,"LUKE MUMMY",2006,5,2.99,74,21.99,NC-17,"Trailers,Behind the Scenes"
542,"LUST LOCK",2006,3,2.99,52,28.99,G,"Trailers,Commentaries,Behind the Scenes"
543,"MADIGAN DORADO",2006,5,4.99,116,20.99,R,"Deleted Scenes,Behind the Scenes"
544,"MADISON TRAP",2006,4,2.99,147,11.99,R,"Commentaries,Deleted Scenes,Behind the Scenes"
545,"MADNESS ATTACKS",2006,4,0.99,178,14.99,PG-13,Trailers
546,"MADRE GABLES",2006,7,2.99,98,27.99,PG-13,"Trailers,Commentaries,Deleted Scenes"
547,"MAGIC MALLRATS",2006,3,0.99,117,19.99,PG,"Trailers,Commentaries"
548,"MAGNIFICENT CHITTY",2006,3,2.99,53,27.99,R,"Commentaries,Deleted Scenes"
549,"MAGNOLIA FORRESTER",2006,4,0.99,171,28.99,PG-13,"Trailers,Commentaries,Deleted Scenes"
550,"MAGUIRE APACHE",2006,6,2.99,74,22.99,NC-17,"Trailers,Commentaries"
551,"MAIDEN HOME",2006,3,4.99,138,9.99,PG,"Behind the Scenes"
552,"MAJESTIC FLOATS",2006,5,0.99,130,15.99,PG,Trailers
553,"MAKER GABLES",2006,4,0.99,136,12.99,PG-13,"Deleted Scenes,Behind the Scenes"
554,"MALKOVICH PET",2006,6,2.99,159,22.99,G,"Behind the Scenes"
555,"MALLRATS UNITED",2006,4,0.99,133,25.99,PG,"Trailers,Commentaries,Deleted Scenes"
556,"MALTESE HOPE",2006,6,4.99,127,26.99,PG-13,"Behind the Scenes"
557,"MANCHURIAN CURTAIN",2006,5,2.99,177,27.99,PG,"Trailers,Commentaries"
558,"MANNEQUIN WORST",2006,3,2.99,71,18.99,PG-13,"Trailers,Commentaries,Deleted Scenes"
559,"MARRIED GO",2006,7,2.99,114,22.99,G,"Behind the Scenes"
560,"MARS ROMAN",2006,6,0.99,62,21.99,NC-17,"Commentaries,Deleted Scenes"
561,"MASK PEACH",2006,6,2.99,123,26.99,NC-17,"Commentaries,Deleted Scenes"
562,"MASKED BUBBLE",2006,6,0.99,151,12.99,PG-13,"Commentaries,Behind the Scenes"
563,"MASSACRE USUAL",2006,6,4.99,165,16.99,R,Commentaries
564,"MASSAGE IMAGE",2006,4,2.99,161,11.99,PG,"Commentaries,Behind the Scenes"
565,"MATRIX SNOWMAN",2006,6,4.99,56,9.99,PG-13,"Commentaries,Deleted Scenes,Behind the Scenes"
566,"MAUDE MOD",2006,6,0.99,72,20.99,R,"Trailers,Behind the Scenes"
567,"MEET CHOCOLATE",2006,3,2.99,80,26.99,G,Trailers
568,"MEMENTO ZOOLANDER",2006,4,4.99,77,11.99,NC-17,"Behind the Scenes"
569,"MENAGERIE RUSHMORE",2006,7,2.99,147,18.99,G,"Trailers,Commentaries,Deleted Scenes"
570,"MERMAID INSECTS",2006,5,4.99,104,20.99,NC-17,"Trailers,Behind the Scenes"
571,"METAL ARMAGEDDON",2006,6,2.99,161,26.99,PG-13,"Trailers,Commentaries,Deleted Scenes"
572,"METROPOLIS COMA",2006,4,2.99,64,9.99,PG-13,"Trailers,Commentaries,Behind the Scenes"
573,"MICROCOSMOS PARADISE",2006,6,2.99,105,22.99,PG-13,Commentaries
574,"MIDNIGHT WESTWARD",2006,3,0.99,86,19.99,G,"Trailers,Deleted Scenes"
575,"MIDSUMMER GROUNDHOG",2006,3,4.99,48,27.99,G,"Trailers,Deleted Scenes"
576,"MIGHTY LUCK",2006,7,2.99,122,13.99,PG,"Behind the Scenes"
577,"MILE MULAN",2006,4,0.99,64,10.99,PG,"Deleted Scenes,Behind the Scenes"
578,"MILLION ACE",2006,4,4.99,142,16.99,PG-13,"Deleted Scenes"
579,"MINDS TRUMAN",2006,3,4.99,149,22.99,PG-13,"Deleted Scenes,Behind the Scenes"
580,"MINE TITANS",2006,3,4.99,166,12.99,PG-13,"Trailers,Deleted Scenes"
581,"MINORITY KISS",2006,4,0.99,59,16.99,G,Trailers
582,"MIRACLE VIRTUAL",2006,3,2.99,162,19.99,PG-13,"Trailers,Deleted Scenes"
583,"MISSION ZOOLANDER",2006,3,4.99,164,26.99,PG-13,"Behind the Scenes"
584,"MIXED DOORS",2006,6,2.99,180,26.99,PG-13,"Behind the Scenes"
585,"MOB DUFFEL",2006,4,0.99,105,25.99,G,Trailers
586,"MOCKINGBIRD HOLLYWOOD",2006,4,0.99,60,27.99,PG,"Behind the Scenes"
587,"MOD SECRETARY",2006,6,4.99,77,20.99,NC-17,"Commentaries,Behind the Scenes"
588,"MODEL FISH",2006,4,4.99,175,11.99,NC-17,"Trailers,Commentaries,Behind the Scenes"
589,"MODERN DORADO",2006,3,0.99,74,20.99,PG,"Trailers,Commentaries,Deleted Scenes"
590,"MONEY HAROLD",2006,3,2.99,135,17.99,PG,"Trailers,Commentaries"
591,"MONSOON CAUSE",2006,6,4.99,182,20.99,PG,"Commentaries,Behind the Scenes"
592,"MONSTER SPARTACUS",2006,6,2.99,107,28.99,PG,"Commentaries,Behind the Scenes"
593,"MONTEREY LABYRINTH",2006,6,0.99,158,13.99,G,"Trailers,Commentaries"
594,"MONTEZUMA COMMAND",2006,6,0.99,126,22.99,NC-17,Trailers
595,"MOON BUNCH",2006,7,0.99,83,20.99,PG,"Deleted Scenes,Behind the Scenes"
596,"MOONSHINE CABIN",2006,4,4.99,171,25.99,PG-13,"Behind the Scenes"
597,"MOONWALKER FOOL",2006,5,4.99,184,12.99,G,"Trailers,Deleted Scenes"
598,"MOSQUITO ARMAGEDDON",2006,6,0.99,57,22.99,G,Trailers
599,"MOTHER OLEANDER",2006,3,0.99,103,20.99,R,"Trailers,Commentaries"
600,"MOTIONS DETAILS",2006,5,0.99,166,16.99,PG,"Trailers,Commentaries,Behind the Scenes"
601,"MOULIN WAKE",2006,4,0.99,79,20.99,PG-13,Trailers
602,"MOURNING PURPLE",2006,5,0.99,146,14.99,PG,"Trailers,Commentaries,Deleted Scenes,Behind the Scenes"
603,"MOVIE SHAKESPEARE",2006,6,4.99,53,27.99,PG,"Commentaries,Deleted Scenes,Behind the Scenes"
604,"MULAN MOON",2006,4,0.99,160,10.99,G,"Behind the Scenes"
605,"MULHOLLAND BEAST",2006,7,2.99,157,13.99,PG,"Trailers,Deleted Scenes,Behind the Scenes"
606,"MUMMY CREATURES",2006,3,0.99,160,15.99,NC-17,"Trailers,Behind the Scenes"
607,"MUPPET MILE",2006,5,4.99,50,18.99,PG,"Trailers,Deleted Scenes"
608,"MURDER ANTITRUST",2006,6,2.99,166,11.99,PG,"Trailers,Deleted Scenes,Behind the Scenes"
609,"MUSCLE BRIGHT",2006,7,2.99,185,23.99,G,"Deleted Scenes"
610,"MUSIC BOONDOCK",2006,7,0.99,129,17.99,R,"Trailers,Commentaries,Behind the Scenes"
611,"MUSKETEERS WAIT",2006,7,4.99,73,17.99,PG,"Deleted Scenes,Behind the Scenes"
612,"MUSSOLINI SPOILERS",2006,6,2.99,180,10.99,G,"Deleted Scenes,Behind the Scenes"
613,"MYSTIC TRUMAN",2006,5,0.99,92,19.99,NC-17,"Commentaries,Behind the Scenes"
614,"NAME DETECTIVE",2006,5,4.99,178,11.99,PG-13,"Trailers,Commentaries,Behind the Scenes"
615,"NASH CHOCOLAT",2006,6,2.99,180,21.99,PG-13,"Commentaries,Behind the Scenes"
616,"NATIONAL STORY",2006,4,2.99,92,19.99,NC-17,Trailers
617,"NATURAL STOCK",2006,4,0.99,50,24.99,PG-13,"Commentaries,Deleted Scenes"
618,"NECKLACE OUTBREAK",2006,3,0.99,132,21.99,PG,"Trailers,Commentaries,Behind the Scenes"
619,"NEIGHBORS CHARADE",2006,3,0.99,161,20.99,R,"Trailers,Commentaries,Deleted Scenes"
620,"NEMO CAMPUS",2006,5,2.99,131,23.99,NC-17,Trailers
621,"NETWORK PEAK",2006,5,2.99,75,23.99,PG-13,"Commentaries,Deleted Scenes,Behind the Scenes"
622,"NEWSIES STORY",2006,4,0.99,159,25.99,G,"Trailers,Deleted Scenes"
623,"NEWTON LABYRINTH",2006,4,0.99,75,9.99,PG,"Trailers,Commentaries,Deleted Scenes,Behind the Scenes"
624,"NIGHTMARE CHILL",2006,3,4.99,149,25.99,PG,"Trailers,Deleted Scenes,Behind the Scenes"
625,"NONE SPIKING",2006,3,0.99,83,18.99,NC-17,"Trailers,Commentaries"
626,"NOON PAPI",2006,5,2.99,57,12.99,G,"Behind the Scenes"
627,"NORTH TEQUILA",2006,4,4.99,67,9.99,NC-17,"Commentaries,Deleted Scenes,Behind the Scenes"
628,"NORTHWEST POLISH",2006,5,2.99,172,24.99,PG,Trailers
629,"NOTORIOUS REUNION",2006,7,0.99,128,9.99,NC-17,"Trailers,Commentaries,Deleted Scenes"
630,"NOTTING SPEAKEASY",2006,7,0.99,48,19.99,PG-13,"Trailers,Commentaries"
631,"NOVOCAINE FLIGHT",2006,4,0.99,64,11.99,G,"Trailers,Commentaries,Deleted Scenes"
632,"NUTS TIES",2006,5,4.99,145,10.99,NC-17,"Trailers,Behind the Scenes"
633,"OCTOBER SUBMARINE",2006,6,4.99,54,10.99,PG-13,"Trailers,Commentaries,Behind the Scenes"
634,"ODDS BOOGIE",2006,6,0.99,48,14.99,NC-17,"Trailers,Commentaries,Behind the Scenes"
635,"OKLAHOMA JUMANJI",2006,7,0.99,58,15.99,PG,"Behind the Scenes"
636,"OLEANDER CLUE",2006,5,0.99,161,12.99,PG,"Commentaries,Deleted Scenes"
637,"OPEN AFRICAN",2006,7,4.99,131,16.99,PG,"Trailers,Commentaries"
638,"OPERATION OPERATION",2006,7,2.99,156,23.99,G,"Trailers,Commentaries,Deleted Scenes,Behind the Scenes"
639,"OPPOSITE NECKLACE",2006,7,4.99,92,9.99,PG,"Deleted Scenes"
640,"OPUS ICE",2006,5,4.99,102,21.99,R,"Commentaries,Deleted Scenes"
641,"ORANGE GRAPES",2006,4,0.99,76,21.99,PG-13,"Trailers,Commentaries"
642,"ORDER BETRAYED",2006,7,2.99,120,13.99,PG-13,"Deleted Scenes,Behind the Scenes"
643,"ORIENT CLOSER",2006,3,2.99,118,22.99,R,"Commentaries,Deleted Scenes"
644,"OSCAR GOLD",2006,7,2.99,115,29.99,PG,"Behind the Scenes"
645,"OTHERS SOUP",2006,7,2.99,118,18.99,PG,"Deleted Scenes"
646,"OUTBREAK DIVINE",2006,6,0.99,169,12.99,NC-17,"Trailers,Deleted Scenes,Behind the Scenes"
647,"OUTFIELD MASSACRE",2006,4,0.99,129,18.99,NC-17,"Trailers,Deleted Scenes"
648,"OUTLAW HANKY",2006,7,4.99,148,17.99,PG-13,"Trailers,Commentaries"
649,"OZ LIAISONS",2006,4,2.99,85,14.99,R,"Commentaries,Deleted Scenes,Behind the Scenes"
650,"PACIFIC AMISTAD",2006,3,0.99,144,27.99,G,"Trailers,Commentaries,Deleted Scenes,Behind the Scenes"
651,"PACKER MADIGAN",2006,3,0.99,84,20.99,PG-13,Trailers
652,"PAJAMA JAWBREAKER",2006,3,0.99,126,14.99,R,"Trailers,Deleted Scenes"
653,"PANIC CLUB",2006,3,4.99,102,15.99,G,"Commentaries,Deleted Scenes"
654,"PANKY SUBMARINE",2006,4,4.99,93,19.99,G,"Trailers,Commentaries,Deleted Scenes,Behind the Scenes"
655,"PANTHER REDS",2006,5,4.99,109,22.99,NC-17,"Deleted Scenes,Behind the Scenes"
656,"PAPI NECKLACE",2006,3,0.99,128,9.99,PG,"Trailers,Deleted Scenes,Behind the Scenes"
657,"PARADISE SABRINA",2006,5,2.99,48,12.99,PG-13,"Commentaries,Deleted Scenes,Behind the Scenes"
658,"PARIS WEEKEND",2006,7,2.99,121,19.99,PG-13,"Trailers,Commentaries,Deleted Scenes,Behind the Scenes"
659,"PARK CITIZEN",2006,3,4.99,109,14.99,PG-13,"Trailers,Deleted Scenes"
660,"PARTY KNOCK",2006,7,2.99,107,11.99,PG,"Trailers,Behind the Scenes"
661,"PAST SUICIDES",2006,5,4.99,157,17.99,PG-13,"Trailers,Deleted Scenes,Behind the Scenes"
662,"PATHS CONTROL",2006,3,4.99,118,9.99,PG,"Trailers,Behind the Scenes"
663,"PATIENT SISTER",2006,7,0.99,99,29.99,NC-17,"Trailers,Commentaries"
664,"PATRIOT ROMAN",2006,6,2.99,65,12.99,PG,"Trailers,Deleted Scenes"
665,"PATTON INTERVIEW",2006,4,2.99,175,22.99,PG,Commentaries
666,"PAYCHECK WAIT",2006,4,4.99,145,27.99,PG-13,"Commentaries,Deleted Scenes"
667,"PEACH INNOCENT",2006,3,2.99,160,20.99,PG-13,"Commentaries,Behind the Scenes"
668,"PEAK FOREVER",2006,7,4.99,80,25.99,PG,"Trailers,Commentaries,Deleted Scenes,Behind the Scenes"
669,"PEARL DESTINY",2006,3,2.99,74,10.99,NC-17,Trailers
670,"PELICAN COMFORTS",2006,4,4.99,48,17.99,PG,"Commentaries,Deleted Scenes"
671,"PERDITION FARGO",2006,7,4.99,99,27.99,NC-17,"Trailers,Behind the Scenes"
672,"PERFECT GROOVE",2006,7,2.99,82,17.99,PG-13,"Commentaries,Deleted Scenes,Behind the Scenes"
673,"PERSONAL LADYBUGS",2006,3,0.99,118,19.99,PG-13,"Deleted Scenes,Behind the Scenes"
674,"PET HAUNTING",2006,3,0.99,99,11.99,PG,"Trailers,Commentaries"
675,"PHANTOM GLORY",2006,6,2.99,60,17.99,NC-17,"Commentaries,Behind the Scenes"
676,"PHILADELPHIA WIFE",2006,7,4.99,137,16.99,PG-13,"Trailers,Commentaries,Deleted Scenes"
677,"PIANIST OUTFIELD",2006,6,0.99,136,25.99,NC-17,"Trailers,Commentaries,Deleted Scenes"
678,"PICKUP DRIVING",2006,3,2.99,77,23.99,G,"Trailers,Commentaries,Deleted Scenes,Behind the Scenes"
679,"PILOT HOOSIERS",2006,6,2.99,50,17.99,PG,"Trailers,Deleted Scenes"
680,"PINOCCHIO SIMON",2006,4,4.99,103,21.99,PG,"Commentaries,Behind the Scenes"
681,"PIRATES ROXANNE",2006,4,0.99,100,20.99,PG,"Commentaries,Deleted Scenes"
682,"PITTSBURGH HUNCHBACK",2006,4,4.99,134,17.99,PG-13,"Trailers,Deleted Scenes,Behind the Scenes"
683,"PITY BOUND",2006,5,4.99,60,19.99,NC-17,Commentaries
684,"PIZZA JUMANJI",2006,4,2.99,173,11.99,NC-17,Commentaries
685,"PLATOON INSTINCT",2006,6,4.99,132,10.99,PG-13,"Trailers,Commentaries"
686,"PLUTO OLEANDER",2006,5,4.99,84,9.99,R,"Behind the Scenes"
687,"POCUS PULP",2006,6,0.99,138,15.99,NC-17,"Commentaries,Deleted Scenes,Behind the Scenes"
688,"POLISH BROOKLYN",2006,6,0.99,61,12.99,PG,"Trailers,Commentaries,Deleted Scenes,Behind the Scenes"
689,"POLLOCK DELIVERANCE",2006,5,2.99,137,14.99,PG,Commentaries
690,"POND SEATTLE",2006,7,2.99,185,25.99,PG-13,"Trailers,Commentaries,Behind the Scenes"
691,"POSEIDON FOREVER",2006,6,4.99,159,29.99,PG-13,Commentaries
692,"POTLUCK MIXED",2006,3,2.99,179,10.99,G,"Behind the Scenes"
693,"POTTER CONNECTICUT",2006,5,2.99,115,16.99,PG,"Trailers,Commentaries"
694,"PREJUDICE OLEANDER",2006,6,4.99,98,15.99,PG-13,"Trailers,Commentaries,Deleted Scenes"
695,"PRESIDENT BANG",2006,6,4.99,144,12.99,PG,"Behind the Scenes"
696,"PRIDE ALAMO",2006,6,0.99,114,20.99,NC-17,"Deleted Scenes"
697,"PRIMARY GLASS",2006,7,0.99,53,16.99,G,"Trailers,Deleted Scenes,Behind the Scenes"
698,"PRINCESS GIANT",2006,3,2.99,71,29.99,NC-17,"Trailers,Deleted Scenes"
699,"PRIVATE DROP",2006,7,4.99,106,26.99,PG,Trailers
700,"PRIX UNDEFEATED",2006,4,2.99,115,13.99,R,"Trailers,Deleted Scenes"
701,"PSYCHO SHRUNK",2006,5,2.99,155,11.99,PG-13,"Behind the Scenes"
702,"PULP BEVERLY",2006,4,2.99,89,12.99,G,"Trailers,Behind the Scenes"
703,"PUNK DIVORCE",2006,6,4.99,100,18.99,PG,"Trailers,Commentaries,Deleted Scenes"
704,"PURE RUNNER",2006,3,2.99,121,25.99,NC-17,"Trailers,Deleted Scenes"
705,"PURPLE MOVIE",2006,4,2.99,88,9.99,R,"Commentaries,Deleted Scenes"
706,"QUEEN LUKE",2006,5,4.99,163,22.99,PG,"Commentaries,Deleted Scenes,Behind the Scenes"
707,"QUEST MUSSOLINI",2006,5,2.99,177,29.99,R,"Behind the Scenes"
708,"QUILLS BULL",2006,4,4.99,112,19.99,R,"Trailers,Behind the Scenes"
709,"RACER EGG",2006,7,2.99,147,19.99,NC-17,"Trailers,Commentaries,Deleted Scenes"
710,"RAGE GAMES",2006,4,4.99,120,18.99,R,"Trailers,Behind the Scenes"
711,"RAGING AIRPLANE",2006,4,4.99,154,18.99,R,"Commentaries,Deleted Scenes"
712,"RAIDERS ANTITRUST",2006,4,0.99,82,11.99,PG-13,"Deleted Scenes"
713,"RAINBOW SHOCK",2006,3,4.99,74,14.99,PG,"Trailers,Commentaries,Deleted Scenes,Behind the Scenes"
714,"RANDOM GO",2006,6,2.99,73,29.99,NC-17,Trailers
715,"RANGE MOONWALKER",2006,3,4.99,147,25.99,PG,"Trailers,Commentaries,Deleted Scenes"
716,"REAP UNFAITHFUL",2006,6,2.99,136,26.99,PG-13,"Trailers,Commentaries"
717,"REAR TRADING",2006,6,0.99,97,23.99,NC-17,"Trailers,Commentaries,Deleted Scenes"
718,"REBEL AIRPORT",2006,7,0.99,73,24.99,G,"Trailers,Behind the Scenes"
719,"RECORDS ZORRO",2006,7,4.99,182,11.99,PG,"Behind the Scenes"
720,"REDEMPTION COMFORTS",2006,3,2.99,179,20.99,NC-17,"Trailers,Deleted Scenes,Behind the Scenes"
721,"REDS POCUS",2006,7,4.99,182,23.99,PG-13,"Trailers,Behind the Scenes"
722,"REEF SALUTE",2006,5,0.99,123,26.99,NC-17,"Behind the Scenes"
723,"REIGN GENTLEMEN",2006,3,2.99,82,29.99,PG-13,"Deleted Scenes,Behind the Scenes"
724,"REMEMBER DIARY",2006,5,2.99,110,15.99,R,"Trailers,Commentaries"
725,"REQUIEM TYCOON",2006,6,4.99,167,25.99,R,"Trailers,Commentaries,Behind the Scenes"
726,"RESERVOIR ADAPTATION",2006,7,2.99,61,29.99,PG-13,Commentaries
727,"RESURRECTION SILVERADO",2006,6,0.99,117,12.99,PG,"Trailers,Deleted Scenes"
728,"REUNION WITCHES",2006,3,0.99,63,26.99,R,Commentaries
729,"RIDER CADDYSHACK",2006,5,2.99,177,28.99,PG,"Commentaries,Behind the Scenes"
730,"RIDGEMONT SUBMARINE",2006,3,0.99,46,28.99,PG-13,"Commentaries,Deleted Scenes,Behind the Scenes"
731,"RIGHT CRANES",2006,7,4.99,153,29.99,PG-13,"Trailers,Commentaries,Deleted Scenes"
732,"RINGS HEARTBREAKERS",2006,5,0.99,58,17.99,G,"Trailers,Commentaries,Behind the Scenes"
733,"RIVER OUTLAW",2006,4,0.99,149,29.99,PG-13,Commentaries
734,"ROAD ROXANNE",2006,4,4.99,158,12.99,R,"Behind the Scenes"
735,"ROBBERS JOON",2006,7,2.99,102,26.99,PG-13,Commentaries
736,"ROBBERY BRIGHT",2006,4,0.99,134,21.99,R,Trailers
737,"ROCK INSTINCT",2006,4,0.99,102,28.99,G,"Trailers,Commentaries,Deleted Scenes,Behind the Scenes"
738,"ROCKETEER MOTHER",2006,3,0.99,178,27.99,PG-13,"Deleted Scenes,Behind the Scenes"
739,"ROCKY WAR",2006,4,4.99,145,17.99,PG-13,"Trailers,Commentaries,Behind the Scenes"
740,"ROLLERCOASTER BRINGING",2006,5,2.99,153,13.99,PG-13,"Trailers,Commentaries,Deleted Scenes"
741,"ROMAN PUNK",2006,7,0.99,81,28.99,NC-17,Trailers
742,"ROOF CHAMPION",2006,7,0.99,101,25.99,R,"Deleted Scenes,Behind the Scenes"
743,"ROOM ROMAN",2006,7,0.99,60,27.99,PG,"Trailers,Deleted Scenes,Behind the Scenes"
744,"ROOTS REMEMBER",2006,4,0.99,89,23.99,PG-13,"Commentaries,Deleted Scenes,Behind the Scenes"
745,"ROSES TREASURE",2006,5,4.99,162,23.99,PG-13,"Commentaries,Deleted Scenes,Behind the Scenes"
746,"ROUGE SQUAD",2006,3,0.99,118,10.99,NC-17,"Commentaries,Deleted Scenes,Behind the Scenes"
747,"ROXANNE REBEL",2006,5,0.99,171,9.99,R,"Deleted Scenes,Behind the Scenes"
748,"RUGRATS SHAKESPEARE",2006,4,0.99,109,16.99,PG-13,"Trailers,Commentaries,Deleted Scenes,Behind the Scenes"
749,"RULES HUMAN",2006,6,4.99,153,19.99,R,"Deleted Scenes,Behind the Scenes"
750,"RUN PACIFIC",2006,3,0.99,145,25.99,R,"Commentaries,Deleted Scenes,Behind the Scenes"
751,"RUNAWAY TENENBAUMS",2006,6,0.99,181,17.99,NC-17,Commentaries
752,"RUNNER MADIGAN",2006,6,0.99,101,27.99,NC-17,"Commentaries,Deleted Scenes,Behind the Scenes"
753,"RUSH GOODFELLAS",2006,3,0.99,48,20.99,PG,"Deleted Scenes"
754,"RUSHMORE MERMAID",2006,6,2.99,150,17.99,PG-13,"Trailers,Commentaries,Deleted Scenes"
755,"SABRINA MIDNIGHT",2006,5,4.99,99,11.99,PG,"Trailers,Behind the Scenes"
756,"SADDLE ANTITRUST",2006,7,2.99,80,10.99,PG-13,"Trailers,Deleted Scenes"
757,"SAGEBRUSH CLUELESS",2006,4,2.99,106,28.99,G,Trailers
758,"SAINTS BRIDE",2006,5,2.99,125,11.99,G,"Deleted Scenes"
759,"SALUTE APOLLO",2006,4,2.99,73,29.99,R,"Trailers,Commentaries,Deleted Scenes,Behind the Scenes"
760,"SAMURAI LION",2006,5,2.99,110,21.99,G,Commentaries
761,"SANTA PARIS",2006,7,2.99,154,23.99,PG,"Commentaries,Behind the Scenes"
762,"SASSY PACKER",2006,6,0.99,154,29.99,G,"Deleted Scenes,Behind the Scenes"
763,"SATISFACTION CONFIDENTIAL",2006,3,4.99,75,26.99,G,"Commentaries,Deleted Scenes,Behind the Scenes"
764,"SATURDAY LAMBS",2006,3,4.99,150,28.99,G,"Commentaries,Deleted Scenes"
765,"SATURN NAME",2006,7,4.99,182,18.99,R,"Trailers,Commentaries,Deleted Scenes,Behind the Scenes"
766,"SAVANNAH TOWN",2006,5,0.99,84,25.99,PG-13,"Commentaries,Deleted Scenes,Behind the Scenes"
767,"SCALAWAG DUCK",2006,6,4.99,183,13.99,NC-17,"Commentaries,Behind the Scenes"
768,"SCARFACE BANG",2006,3,4.99,102,11.99,PG-13,"Commentaries,Deleted Scenes"
769,"SCHOOL JACKET",2006,5,4.99,151,21.99,PG-13,Trailers
770,"SCISSORHANDS SLUMS",2006,5,2.99,147,13.99,G,"Commentaries,Deleted Scenes,Behind the Scenes"
771,"SCORPION APOLLO",2006,3,4.99,137,23.99,NC-17,"Commentaries,Deleted Scenes"
772,"SEA VIRGIN",2006,4,2.99,80,24.99,PG,"Deleted Scenes"
773,"SEABISCUIT PUNK",2006,6,2.99,112,28.99,NC-17,"Commentaries,Deleted Scenes,Behind the Scenes"
774,"SEARCHERS WAIT",2006,3,2.99,182,22.99,NC-17,"Trailers,Commentaries,Deleted Scenes,Behind the Scenes"
775,"SEATTLE EXPECATIONS",2006,4,4.99,110,18.99,PG-13,Trailers
776,"SECRET GROUNDHOG",2006,6,4.99,90,11.99,PG,"Commentaries,Deleted Scenes"
777,"SECRETARY ROUGE",2006,5,4.99,158,10.99,PG,"Commentaries,Behind the Scenes"
778,"SECRETS PARADISE",2006,3,4.99,109,24.99,G,"Trailers,Commentaries"
779,"SENSE GREEK",2006,4,4.99,54,23.99,R,"Deleted Scenes,Behind the Scenes"
780,"SENSIBILITY REAR",2006,7,4.99,98,15.99,PG,"Behind the Scenes"
781,"SEVEN SWARM",2006,4,4.99,127,15.99,R,"Deleted Scenes"
782,"SHAKESPEARE SADDLE",2006,6,2.99,60,26.99,PG-13,"Commentaries,Behind the Scenes"
783,"SHANE DARKNESS",2006,5,2.99,93,22.99,PG,"Commentaries,Deleted Scenes"
784,"SHANGHAI TYCOON",2006,7,2.99,47,20.99,PG,"Commentaries,Deleted Scenes,Behind the Scenes"
785,"SHAWSHANK BUBBLE",2006,6,4.99,80,20.99,PG,"Commentaries,Deleted Scenes"
786,"SHEPHERD MIDSUMMER",2006,7,0.99,113,14.99,R,"Deleted Scenes"
787,"SHINING ROSES",2006,4,0.99,125,12.99,G,"Trailers,Commentaries,Deleted Scenes,Behind the Scenes"
788,"SHIP WONDERLAND",2006,5,2.99,104,15.99,R,Commentaries
789,"SHOCK CABIN",2006,7,2.99,79,15.99,PG-13,"Trailers,Commentaries,Behind the Scenes"
790,"SHOOTIST SUPERFLY",2006,6,0.99,67,22.99,PG-13,Trailers
791,"SHOW LORD",2006,3,4.99,167,24.99,PG-13,"Deleted Scenes"
792,"SHREK LICENSE",2006,7,2.99,154,15.99,PG-13,Commentaries
793,"SHRUNK DIVINE",2006,6,2.99,139,14.99,R,"Trailers,Deleted Scenes,Behind the Scenes"
794,"SIDE ARK",2006,5,0.99,52,28.99,G,"Deleted Scenes,Behind the Scenes"
795,"SIEGE MADRE",2006,7,0.99,111,23.99,R,"Trailers,Deleted Scenes"
796,"SIERRA DIVIDE",2006,3,0.99,135,12.99,NC-17,"Commentaries,Deleted Scenes"
797,"SILENCE KANE",2006,7,0.99,67,23.99,R,"Trailers,Deleted Scenes,Behind the Scenes"
798,"SILVERADO GOLDFINGER",2006,4,4.99,74,11.99,PG,"Trailers,Commentaries"
799,"SIMON NORTH",2006,3,0.99,51,26.99,NC-17,"Trailers,Commentaries"
800,"SINNERS ATLANTIS",2006,7,2.99,126,19.99,PG-13,"Trailers,Commentaries,Deleted Scenes"
801,"SISTER FREDDY",2006,5,4.99,152,19.99,PG-13,"Trailers,Behind the Scenes"
802,"SKY MIRACLE",2006,7,2.99,132,15.99,PG,"Trailers,Commentaries,Deleted Scenes"
803,"SLACKER LIAISONS",2006,7,4.99,179,29.99,R,"Trailers,Commentaries,Behind the Scenes"
804,"SLEEPING SUSPECTS",2006,7,4.99,129,13.99,PG-13,"Trailers,Commentaries"
805,"SLEEPLESS MONSOON",2006,5,4.99,64,12.99,G,"Trailers,Deleted Scenes,Behind the Scenes"
806,"SLEEPY JAPANESE",2006,4,2.99,137,25.99,PG,"Trailers,Commentaries,Deleted Scenes"
807,"SLEUTH ORIENT",2006,4,0.99,87,25.99,NC-17,"Deleted Scenes,Behind the Scenes"
808,"SLING LUKE",2006,5,0.99,84,10.99,R,"Behind the Scenes"
809,"SLIPPER FIDELITY",2006,5,0.99,156,14.99,PG-13,"Trailers,Deleted Scenes"
810,"SLUMS DUCK",2006,5,0.99,147,21.99,PG,"Commentaries,Deleted Scenes,Behind the Scenes"
811,"SMILE EARRING",2006,4,2.99,60,29.99,G,"Commentaries,Behind the Scenes"
812,"SMOKING BARBARELLA",2006,7,0.99,50,13.99,PG-13,"Behind the Scenes"
813,"SMOOCHY CONTROL",2006,7,0.99,184,18.99,R,"Behind the Scenes"
814,"SNATCH SLIPPER",2006,6,4.99,110,15.99,PG,Commentaries
815,"SNATCHERS MONTEZUMA",2006,4,2.99,74,14.99,PG-13,Commentaries
816,"SNOWMAN ROLLERCOASTER",2006,3,0.99,62,27.99,G,Trailers
817,"SOLDIERS EVOLUTION",2006,7,4.99,185,27.99,R,"Trailers,Commentaries,Deleted Scenes,Behind the Scenes"
818,"SOMETHING DUCK",2006,4,4.99,180,17.99,NC-17,"Commentaries,Behind the Scenes"
819,"SONG HEDWIG",2006,3,0.99,165,29.99,PG-13,"Trailers,Deleted Scenes"
820,"SONS INTERVIEW",2006,3,2.99,184,11.99,NC-17,"Commentaries,Behind the Scenes"
821,"SORORITY QUEEN",2006,6,0.99,184,17.99,NC-17,"Trailers,Deleted Scenes"
822,"SOUP WISDOM",2006,6,0.99,169,12.99,R,"Behind the Scenes"
823,"SOUTH WAIT",2006,4,2.99,143,21.99,R,"Commentaries,Behind the Scenes"
824,"SPARTACUS CHEAPER",2006,4,4.99,52,19.99,NC-17,"Deleted Scenes,Behind the Scenes"
825,"SPEAKEASY DATE",2006,6,2.99,165,22.99,PG-13,"Deleted Scenes,Behind the Scenes"
826,"SPEED SUIT",2006,7,4.99,124,19.99,PG-13,"Commentaries,Behind the Scenes"
827,"SPICE SORORITY",2006,5,4.99,141,22.99,NC-17,"Trailers,Commentaries,Deleted Scenes,Behind the Scenes"
828,"SPIKING ELEMENT",2006,7,2.99,79,12.99,G,"Trailers,Deleted Scenes,Behind the Scenes"
829,"SPINAL ROCKY",2006,7,2.99,138,12.99,PG-13,"Commentaries,Deleted Scenes"
830,"SPIRIT FLINTSTONES",2006,7,0.99,149,23.99,R,"Commentaries,Deleted Scenes"
831,"SPIRITED CASUALTIES",2006,5,0.99,138,20.99,PG-13,"Commentaries,Behind the Scenes"
832,"SPLASH GUMP",2006,5,0.99,175,16.99,PG,"Trailers,Commentaries,Deleted Scenes,Behind the Scenes"
833,"SPLENDOR PATTON",2006,5,0.99,134,20.99,R,"Trailers,Commentaries,Deleted Scenes,Behind the Scenes"
834,"SPOILERS HELLFIGHTERS",2006,4,0.99,151,26.99,G,"Trailers,Commentaries,Deleted Scenes,Behind the Scenes"
835,"SPY MILE",2006,6,2.99,112,13.99,PG-13,"Trailers,Commentaries,Deleted Scenes,Behind the Scenes"
836,"SQUAD FISH",2006,3,2.99,136,14.99,PG,"Commentaries,Deleted Scenes,Behind the Scenes"
837,"STAGE WORLD",2006,4,2.99,85,19.99,PG,"Commentaries,Behind the Scenes"
838,"STAGECOACH ARMAGEDDON",2006,5,4.99,112,25.99,R,"Trailers,Deleted Scenes"
839,"STALLION SUNDANCE",2006,5,0.99,130,23.99,PG-13,"Deleted Scenes,Behind the Scenes"
840,"STAMPEDE DISTURBING",2006,5,0.99,75,26.99,R,"Commentaries,Deleted Scenes,Behind the Scenes"
841,"STAR OPERATION",2006,5,2.99,181,9.99,PG,Commentaries
842,"STATE WASTELAND",2006,4,2.99,113,13.99,NC-17,"Trailers,Commentaries,Deleted Scenes,Behind the Scenes"
843,"STEEL SANTA",2006,4,4.99,143,15.99,NC-17,"Commentaries,Deleted Scenes"
844,"STEERS ARMAGEDDON",2006,6,4.99,140,16.99,PG,"Trailers,Commentaries,Deleted Scenes,Behind the Scenes"
845,"STEPMOM DREAM",2006,7,4.99,48,9.99,NC-17,"Deleted Scenes,Behind the Scenes"
846,"STING PERSONAL",2006,3,4.99,93,9.99,NC-17,"Commentaries,Deleted Scenes,Behind the Scenes"
847,"STOCK GLASS",2006,7,2.99,160,10.99,PG,Commentaries
848,"STONE FIRE",2006,3,0.99,94,19.99,G,Trailers
849,"STORM HAPPINESS",2006,6,0.99,57,28.99,NC-17,"Trailers,Commentaries,Behind the Scenes"
850,"STORY SIDE",2006,7,0.99,163,27.99,R,"Trailers,Behind the Scenes"
851,"STRAIGHT HOURS",2006,3,0.99,151,19.99,R,"Commentaries,Behind the Scenes"
852,"STRANGELOVE DESIRE",2006,4,0.99,103,27.99,NC-17,"Trailers,Commentaries,Deleted Scenes"
853,"STRANGER STRANGERS",2006,3,4.99,139,12.99,G,"Commentaries,Deleted Scenes"
854,"STRANGERS GRAFFITI",2006,4,4.99,119,22.99,R,"Trailers,Behind the Scenes"
855,"STREAK RIDGEMONT",2006,7,0.99,132,28.99,PG-13,"Trailers,Behind the Scenes"
856,"STREETCAR INTENTIONS",2006,5,4.99,73,11.99,R,Commentaries
857,"STRICTLY SCARFACE",2006,3,2.99,144,24.99,PG-13,"Commentaries,Deleted Scenes,Behind the Scenes"
858,"SUBMARINE BED",2006,5,4.99,127,21.99,R,Trailers
859,"SUGAR WONKA",2006,3,4.99,114,20.99,PG,"Trailers,Commentaries,Behind the Scenes"
860,"SUICIDES SILENCE",2006,4,4.99,93,13.99,G,"Deleted Scenes"
861,"SUIT WALLS",2006,3,4.99,111,12.99,R,Commentaries
862,"SUMMER SCARFACE",2006,5,0.99,53,25.99,G,"Deleted Scenes,Behind the Scenes"
863,"SUN CONFESSIONS",2006,5,0.99,141,9.99,R,"Trailers,Behind the Scenes"
864,"SUNDANCE INVASION",2006,5,0.99,92,21.99,NC-17,"Commentaries,Behind the Scenes"
865,"SUNRISE LEAGUE",2006,3,4.99,135,19.99,PG-13,"Behind the Scenes"
866,"SUNSET RACER",2006,6,0.99,48,28.99,NC-17,"Commentaries,Behind the Scenes"
867,"SUPER WYOMING",2006,5,4.99,58,10.99,PG,"Trailers,Commentaries,Behind the Scenes"
868,"SUPERFLY TRIP",2006,5,0.99,114,27.99,PG,"Commentaries,Behind the Scenes"
869,"SUSPECTS QUILLS",2006,4,2.99,47,22.99,PG,Trailers
870,"SWARM GOLD",2006,4,0.99,123,12.99,PG-13,"Trailers,Commentaries"
871,"SWEDEN SHINING",2006,6,4.99,176,19.99,PG,"Deleted Scenes,Behind the Scenes"
872,"SWEET BROTHERHOOD",2006,3,2.99,185,27.99,R,"Deleted Scenes"
873,"SWEETHEARTS SUSPECTS",2006,3,0.99,108,13.99,G,"Trailers,Commentaries,Deleted Scenes,Behind the Scenes"
874,"TADPOLE PARK",2006,6,2.99,155,13.99,PG,"Trailers,Commentaries"
875,"TALENTED HOMICIDE",2006,6,0.99,173,9.99,PG,"Commentaries,Deleted Scenes,Behind the Scenes"
876,"TARZAN VIDEOTAPE",2006,3,2.99,91,11.99,PG-13,Trailers
877,"TAXI KICK",2006,4,0.99,64,23.99,PG-13,"Commentaries,Deleted Scenes"
878,"TEEN APOLLO",2006,3,4.99,74,25.99,G,"Trailers,Deleted Scenes,Behind the Scenes"
879,"TELEGRAPH VOYAGE",2006,3,4.99,148,20.99,PG,Commentaries
880,"TELEMARK HEARTBREAKERS",2006,6,2.99,152,9.99,PG-13,"Trailers,Commentaries,Deleted Scenes,Behind the Scenes"
881,"TEMPLE ATTRACTION",2006,5,4.99,71,13.99,PG,"Commentaries,Deleted Scenes"
882,"TENENBAUMS COMMAND",2006,4,0.99,99,24.99,PG-13,"Trailers,Commentaries"
883,"TEQUILA PAST",2006,6,4.99,53,17.99,PG,"Commentaries,Behind the Scenes"
884,"TERMINATOR CLUB",2006,5,4.99,88,11.99,R,"Trailers,Deleted Scenes,Behind the Scenes"
885,"TEXAS WATCH",2006,7,0.99,179,22.99,NC-17,Trailers
886,"THEORY MERMAID",2006,5,0.99,184,9.99,PG-13,"Deleted Scenes,Behind the Scenes"
887,"THIEF PELICAN",2006,5,4.99,135,28.99,PG-13,"Deleted Scenes,Behind the Scenes"
888,"THIN SAGEBRUSH",2006,5,4.99,53,9.99,PG-13,"Behind the Scenes"
889,"TIES HUNGER",2006,3,4.99,111,28.99,R,"Deleted Scenes"
890,"TIGHTS DAWN",2006,5,0.99,172,14.99,R,"Trailers,Behind the Scenes"
891,"TIMBERLAND SKY",2006,3,0.99,69,13.99,G,Commentaries
892,"TITANIC BOONDOCK",2006,3,4.99,104,18.99,R,"Trailers,Commentaries,Deleted Scenes,Behind the Scenes"
893,"TITANS JERK",2006,4,4.99,91,11.99,PG,"Behind the Scenes"
894,"TOMATOES HELLFIGHTERS",2006,6,0.99,68,23.99,PG,"Behind the Scenes"
895,"TOMORROW HUSTLER",2006,3,2.99,142,21.99,R,Commentaries
896,"TOOTSIE PILOT",2006,3,0.99,157,10.99,PG,"Commentaries,Deleted Scenes,Behind the Scenes"
897,"TORQUE BOUND",2006,3,4.99,179,27.99,G,"Trailers,Commentaries"
898,"TOURIST PELICAN",2006,4,4.99,152,18.99,PG-13,"Deleted Scenes"
899,"TOWERS HURRICANE",2006,7,0.99,144,14.99,NC-17,"Commentaries,Behind the Scenes"
900,"TOWN ARK",2006,6,2.99,136,17.99,R,"Behind the Scenes"
901,"TRACY CIDER",2006,3,0.99,142,29.99,G,"Trailers,Commentaries,Behind the Scenes"
902,"TRADING PINOCCHIO",2006,6,4.99,170,22.99,PG,"Trailers,Deleted Scenes,Behind the Scenes"
903,"TRAFFIC HOBBIT",2006,5,4.99,139,13.99,G,"Trailers,Commentaries"
904,"TRAIN BUNCH",2006,3,4.99,71,26.99,R,"Trailers,Deleted Scenes"
905,"TRAINSPOTTING STRANGERS",2006,7,4.99,132,10.99,PG-13,Trailers
906,"TRAMP OTHERS",2006,4,0.99,171,27.99,PG,"Deleted Scenes"
907,"TRANSLATION SUMMER",2006,4,0.99,168,10.99,PG-13,Trailers
908,"TRAP GUYS",2006,3,4.99,110,11.99,G,"Commentaries,Behind the Scenes"
909,"TREASURE COMMAND",2006,3,0.99,102,28.99,PG-13,"Trailers,Commentaries,Deleted Scenes,Behind the Scenes"
910,"TREATMENT JEKYLL",2006,3,0.99,87,19.99,PG,"Trailers,Deleted Scenes,Behind the Scenes"
911,"TRIP NEWTON",2006,7,4.99,64,14.99,PG-13,"Commentaries,Deleted Scenes"
912,"TROJAN TOMORROW",2006,3,2.99,52,9.99,PG,"Commentaries,Deleted Scenes"
913,"TROOPERS METAL",2006,3,0.99,115,20.99,R,"Deleted Scenes,Behind the Scenes"
914,"TROUBLE DATE",2006,6,2.99,61,13.99,PG,"Trailers,Commentaries,Behind the Scenes"
915,"TRUMAN CRAZY",2006,7,4.99,92,9.99,G,"Trailers,Commentaries"
916,"TURN STAR",2006,3,2.99,80,10.99,G,"Commentaries,Behind the Scenes"
917,"TUXEDO MILE",2006,3,2.99,152,24.99,R,"Commentaries,Deleted Scenes,Behind the Scenes"
918,"TWISTED PIRATES",2006,4,4.99,152,23.99,PG,"Trailers,Commentaries,Deleted Scenes"
919,"TYCOON GATHERING",2006,3,4.99,82,17.99,G,"Trailers,Commentaries,Deleted Scenes"
920,"UNBREAKABLE KARATE",2006,3,0.99,62,16.99,G,"Deleted Scenes,Behind the Scenes"
921,"UNCUT SUICIDES",2006,7,2.99,172,29.99,PG-13,"Trailers,Commentaries,Behind the Scenes"
922,"UNDEFEATED DALMATIONS",2006,7,4.99,107,22.99,PG-13,Commentaries
923,"UNFAITHFUL KILL",2006,7,2.99,78,12.99,R,"Commentaries,Deleted Scenes"
924,"UNFORGIVEN ZOOLANDER",2006,7,0.99,129,15.99,PG,"Trailers,Commentaries,Behind the Scenes"
925,"UNITED PILOT",2006,3,0.99,164,27.99,R,"Trailers,Deleted Scenes"
926,"UNTOUCHABLES SUNRISE",2006,5,2.99,120,11.99,NC-17,"Trailers,Deleted Scenes"
927,"UPRISING UPTOWN",2006,6,2.99,174,16.99,NC-17,"Trailers,Behind the Scenes"
928,"UPTOWN YOUNG",2006,5,2.99,84,16.99,PG,Commentaries
929,"USUAL UNTOUCHABLES",2006,5,4.99,128,21.99,PG-13,"Trailers,Commentaries,Behind the Scenes"
930,"VACATION BOONDOCK",2006,4,2.99,145,23.99,R,Commentaries
931,"VALENTINE VANISHING",2006,7,0.99,48,9.99,PG-13,"Trailers,Behind the Scenes"
932,"VALLEY PACKER",2006,3,0.99,73,21.99,G,"Commentaries,Deleted Scenes"
933,"VAMPIRE WHALE",2006,4,4.99,126,11.99,NC-17,"Trailers,Commentaries"
934,"VANILLA DAY",2006,7,4.99,122,20.99,NC-17,"Deleted Scenes,Behind the Scenes"
935,"VANISHED GARDEN",2006,5,0.99,142,17.99,R,"Trailers,Commentaries,Deleted Scenes"
936,"VANISHING ROCKY",2006,3,2.99,123,21.99,NC-17,"Trailers,Commentaries,Behind the Scenes"
937,"VARSITY TRIP",2006,7,2.99,85,14.99,NC-17,"Commentaries,Deleted Scenes"
938,"VELVET TERMINATOR",2006,3,4.99,173,14.99,R,"Behind the Scenes"
939,"VERTIGO NORTHWEST",2006,4,2.99,90,17.99,R,"Commentaries,Behind the Scenes"
940,"VICTORY ACADEMY",2006,6,0.99,64,19.99,PG-13,"Trailers,Behind the Scenes"
941,"VIDEOTAPE ARSENIC",2006,4,4.99,145,10.99,NC-17,"Commentaries,Deleted Scenes,Behind the Scenes"
942,"VIETNAM SMOOCHY",2006,7,0.99,174,27.99,PG-13,"Deleted Scenes,Behind the Scenes"
943,"VILLAIN DESPERATE",2006,4,4.99,76,27.99,PG-13,"Trailers,Commentaries"
944,"VIRGIN DAISY",2006,6,4.99,179,29.99,PG-13,"Trailers,Behind the Scenes"
945,"VIRGINIAN PLUTO",2006,5,0.99,164,22.99,R,"Deleted Scenes"
946,"VIRTUAL SPOILERS",2006,3,4.99,144,14.99,NC-17,"Commentaries,Deleted Scenes"
947,"VISION TORQUE",2006,5,0.99,59,16.99,PG-13,"Commentaries,Deleted Scenes"
948,"VOICE PEACH",2006,6,0.99,139,22.99,PG-13,"Commentaries,Behind the Scenes"
949,"VOLCANO TEXAS",2006,6,0.99,157,27.99,NC-17,"Trailers,Commentaries,Deleted Scenes,Behind the Scenes"
950,"VOLUME HOUSE",2006,7,4.99,132,12.99,PG,Commentaries
951,"VOYAGE LEGALLY",2006,6,0.99,78,28.99,PG-13,"Commentaries,Behind the Scenes"
952,"WAGON JAWS",2006,7,2.99,152,17.99,PG,"Deleted Scenes,Behind the Scenes"
953,"WAIT CIDER",2006,3,0.99,112,9.99,PG-13,Trailers
954,"WAKE JAWS",2006,7,4.99,73,18.99,G,"Trailers,Commentaries,Deleted Scenes,Behind the Scenes"
955,"WALLS ARTIST",2006,7,4.99,135,19.99,PG,"Trailers,Behind the Scenes"
956,"WANDA CHAMBER",2006,7,4.99,107,23.99,PG-13,"Commentaries,Deleted Scenes,Behind the Scenes"
957,"WAR NOTTING",2006,7,4.99,80,26.99,G,"Deleted Scenes,Behind the Scenes"
958,"WARDROBE PHANTOM",2006,6,2.99,178,19.99,G,"Trailers,Commentaries"
959,"WARLOCK WEREWOLF",2006,6,2.99,83,10.99,G,"Commentaries,Behind the Scenes"
960,"WARS PLUTO",2006,5,2.99,128,15.99,G,"Commentaries,Behind the Scenes"
961,"WASH HEAVENLY",2006,7,4.99,161,22.99,R,Commentaries
962,"WASTELAND DIVINE",2006,7,2.99,85,18.99,PG,"Trailers,Deleted Scenes,Behind the Scenes"
963,"WATCH TRACY",2006,5,0.99,78,12.99,PG,"Trailers,Deleted Scenes,Behind the Scenes"
964,"WATERFRONT DELIVERANCE",2006,4,4.99,61,17.99,G,"Behind the Scenes"
965,"WATERSHIP FRONTIER",2006,6,0.99,112,28.99,G,Commentaries
966,"WEDDING APOLLO",2006,3,0.99,70,14.99,PG,Trailers
967,"WEEKEND PERSONAL",2006,5,2.99,134,26.99,R,"Trailers,Commentaries,Deleted Scenes,Behind the Scenes"
968,"WEREWOLF LOLA",2006,6,4.99,79,19.99,G,"Trailers,Behind the Scenes"
969,"WEST LION",2006,4,4.99,159,29.99,G,Trailers
970,"WESTWARD SEABISCUIT",2006,7,0.99,52,11.99,NC-17,"Commentaries,Deleted Scenes"
971,"WHALE BIKINI",2006,4,4.99,109,11.99,PG-13,"Commentaries,Deleted Scenes,Behind the Scenes"
972,"WHISPERER GIANT",2006,4,4.99,59,24.99,PG-13,"Trailers,Deleted Scenes"
973,"WIFE TURN",2006,3,4.99,183,27.99,NC-17,"Deleted Scenes,Behind the Scenes"
974,"WILD APOLLO",2006,4,0.99,181,24.99,R,"Trailers,Commentaries,Deleted Scenes,Behind the Scenes"
975,"WILLOW TRACY",2006,6,2.99,137,22.99,R,"Trailers,Commentaries,Behind the Scenes"
976,"WIND PHANTOM",2006,6,0.99,111,12.99,R,"Commentaries,Deleted Scenes"
977,"WINDOW SIDE",2006,3,2.99,85,25.99,R,"Deleted Scenes,Behind the Scenes"
978,"WISDOM WORKER",2006,3,0.99,98,12.99,R,"Deleted Scenes,Behind the Scenes"
979,"WITCHES PANIC",2006,6,4.99,100,10.99,NC-17,"Commentaries,Behind the Scenes"
980,"WIZARD COLDBLOODED",2006,4,4.99,75,12.99,PG,"Commentaries,Deleted Scenes,Behind the Scenes"
981,"WOLVES DESIRE",2006,7,0.99,55,13.99,NC-17,"Behind the Scenes"
982,"WOMEN DORADO",2006,4,0.99,126,23.99,R,"Deleted Scenes,Behind the Scenes"
983,"WON DARES",2006,7,2.99,105,18.99,PG,"Behind the Scenes"
984,"WONDERFUL DROP",2006,3,2.99,126,20.99,NC-17,Commentaries
985,"WONDERLAND CHRISTMAS",2006,4,4.99,111,19.99,PG,Commentaries
986,"WONKA SEA",2006,6,2.99,85,24.99,NC-17,"Trailers,Commentaries"
987,"WORDS HUNTER",2006,3,2.99,116,13.99,PG,"Trailers,Commentaries,Deleted Scenes"
988,"WORKER TARZAN",2006,7,2.99,139,26.99,R,"Trailers,Commentaries,Behind the Scenes"
989,"WORKING MICROCOSMOS",2006,4,4.99,74,22.99,R,"Commentaries,Deleted Scenes"
990,"WORLD LEATHERNECKS",2006,3,0.99,171,13.99,PG-13,"Trailers,Behind the Scenes"
991,"WORST BANGER",2006,4,2.99,185,26.99,PG,"Deleted Scenes,Behind the Scenes"
992,"WRATH MILE",2006,5,0.99,176,17.99,NC-17,"Trailers,Commentaries"
993,"WRONG BEHAVIOR",2006,6,2.99,178,10.99,PG-13,"Trailers,Behind the Scenes"
994,"WYOMING STORM",2006,6,4.99,100,29.99,PG-13,"Deleted Scenes"
995,"YENTL IDAHO",2006,5,4.99,86,11.99,R,"Trailers,Commentaries,Deleted Scenes"
996,"YOUNG LANGUAGE",2006,6,0.99,183,9.99,G,"Trailers,Behind the Scenes"
997,"YOUTH KICK",2006,4,0.99,179,14.99,NC-17,"Trailers,Behind the Scenes"
998,"ZHIVAGO CORE",2006,6,0.99,105,10.99,NC-17,"Deleted Scenes"
999,"ZOOLANDER FICTION",2006,5,2.99,101,28.99,R,"Trailers,Deleted Scenes"
1000,"ZORRO ARK",2006,3,4.99,50,18.99,NC-17,"Trailers,Commentaries,Behind the Scenes"
